well,facies,iter,particles,cmode,c1_start,c1_end,c2_start,c2_end,best_error,runtime,seed
RO_31A,7,50,10,0,2.5,2.5,1.0,1.0,0.05657271253288324,184.97723579406738,210305
RO_31A,7,50,10,0,2.0,2.0,1.0,1.0,0.05643858683324815,187.4703631401062,902141
RO_31A,7,50,10,0,1.5,1.5,0.5,0.5,0.0563862642306073,188.0461084842682,968850
RO_31A,7,50,10,0,1.5,1.5,1.0,1.0,0.05642478948305636,188.85090374946594,606468
RO_31A,7,50,10,0,2.5,2.5,0.5,0.5,0.05645178335823925,189.3246443271637,997505
RO_31A,7,50,10,0,2.0,2.0,0.5,0.5,0.05640103789435283,189.595769405365,966618
RO_31A,7,50,10,0,2.0,2.0,1.5,1.5,0.05662594800916128,189.66320872306824,606350
RO_31A,7,50,10,0,1.5,1.5,1.5,1.5,0.05653954035130633,189.82844996452332,807547
RO_31A,7,50,10,0,2.5,2.5,1.5,1.5,0.056993993726009086,189.8588364124298,560770
RO_31A,7,50,20,0,2.5,2.5,1.5,1.5,0.05682650981886674,372.6418800354004,768793
RO_31A,7,50,20,0,2.5,2.5,1.0,1.0,0.056477645608035316,375.12115931510925,527874
RO_31A,7,50,20,0,2.5,2.5,0.5,0.5,0.05641702726421339,379.1827664375305,265269
RO_31A,7,50,20,0,2.0,2.0,0.5,0.5,0.05630895285443891,386.56267261505127,46346
RO_31A,7,50,20,0,1.5,1.5,1.5,1.5,0.05649099170688556,382.77331161499023,294358
RO_31A,7,50,20,0,2.0,2.0,1.0,1.0,0.056444379875812516,386.4202039241791,364523
RO_31A,7,100,10,0,2.5,2.5,1.5,1.5,0.05649176442887458,384.2815661430359,107735
RO_31A,7,100,10,0,2.5,2.5,0.5,0.5,0.05639536700373188,385.26126074790955,702338
RO_31A,7,50,20,0,1.5,1.5,1.0,1.0,0.05638243915035621,387.264390707016,538682
RO_31A,7,50,20,0,1.5,1.5,0.5,0.5,0.05634932075540412,387.8991813659668,368611
RO_31A,7,100,10,0,2.5,2.5,1.0,1.0,0.05640772561589014,387.6729815006256,412795
RO_31A,7,50,20,0,2.0,2.0,1.5,1.5,0.05709657888142209,389.7003412246704,170127
RO_31A,7,100,10,0,2.0,2.0,0.5,0.5,0.056324944489656005,381.4932839870453,689885
RO_31A,7,100,10,0,2.0,2.0,1.5,1.5,0.05639334864172113,377.97911500930786,99241
RO_31A,7,100,10,0,2.0,2.0,1.0,1.0,0.056354872666816734,383.2127969264984,171771
RO_31A,7,100,10,0,1.5,1.5,0.5,0.5,0.05637542956663079,372.1000232696533,828720
RO_31A,7,100,10,0,1.5,1.5,1.0,1.0,0.056390728084838054,373.28158807754517,625635
RO_31A,7,100,10,0,1.5,1.5,1.5,1.5,0.0563837576058625,375.56136894226074,48367
RO_31A,7,50,10,2,2.5,0.5,0.5,2.5,0.056591521305498035,193.63566207885742,132063
RO_31A,7,50,10,1,2.5,0.5,0.5,2.5,0.05687522046653597,199.26417016983032,363984
RO_31A,7,50,10,1,2.5,0.5,1.5,2.5,0.05734186825312281,197.54174160957336,842988
RO_31A,7,100,20,0,2.5,2.5,1.0,1.0,0.05639785478703954,728.0561921596527,165454
RO_31A,7,100,20,0,2.5,2.5,1.5,1.5,0.05649316139862343,731.9026577472687,722037
RO_31A,7,100,20,0,2.0,2.0,1.0,1.0,0.056331756199911015,732.8007786273956,816017
RO_31A,7,100,20,0,2.0,2.0,1.5,1.5,0.0564135515313354,738.540602684021,247847
RO_31A,7,100,20,0,2.5,2.5,0.5,0.5,0.0563358694136383,742.2555100917816,490970
RO_31A,7,100,20,0,2.0,2.0,0.5,0.5,0.05628262857503488,743.4088413715363,482810
RO_31A,7,50,10,2,2.5,0.5,1.5,2.5,0.057236932460352045,196.56227493286133,587538
RO_31A,7,50,10,1,2.5,0.5,1.0,2.0,0.05690379463462095,195.5832130908966,706357
RO_31A,7,50,10,2,2.5,0.5,1.0,2.0,0.056760515347911294,198.4315345287323,52887
RO_31A,7,100,20,0,1.5,1.5,0.5,0.5,0.0562693398948885,731.5435161590576,903391
RO_31A,7,50,10,1,2.5,0.5,0.5,1.5,0.05642111142140344,190.7652199268341,563454
RO_31A,7,100,20,0,1.5,1.5,1.0,1.0,0.056299766739555925,739.3806281089783,459255
RO_31A,7,100,20,0,1.5,1.5,1.5,1.5,0.056406585746963875,744.1943624019623,350617
RO_31A,7,50,10,2,2.5,1.5,0.5,2.5,0.05649459614531418,188.39458513259888,292953
RO_31A,7,50,10,2,2.5,0.5,0.5,1.5,0.05645516565436387,196.6668562889099,760691
RO_31A,7,50,10,1,2.5,1.5,0.5,2.5,0.05671410815204747,195.06548523902893,935131
RO_31A,7,50,10,1,2.5,1.5,1.5,2.5,0.05710366088457129,193.11252164840698,659537
RO_31A,7,50,10,2,2.5,1.5,1.5,2.5,0.0575728907506614,196.07513785362244,800618
RO_31A,7,50,10,1,2.5,1.5,1.0,2.0,0.056564262258647205,193.58928680419922,835635
RO_31A,7,50,10,2,2.5,1.5,1.0,2.0,0.056568113110979236,194.1481773853302,951978
RO_31A,7,50,10,1,2.5,1.5,0.5,1.5,0.05649212631420763,193.5781638622284,39961
RO_31A,7,50,10,2,2.5,1.5,0.5,1.5,0.05642723570063883,191.57955121994019,716345
RO_31A,7,50,10,1,2.0,1.0,0.5,2.5,0.05664659732146574,196.86536407470703,887141
RO_31A,7,50,10,2,2.0,1.0,0.5,2.5,0.056448948236042414,197.78066182136536,116534
RO_31A,7,50,10,1,2.0,1.0,1.5,2.5,0.05768792826345459,194.2952537536621,756977
RO_31A,7,50,10,1,2.0,1.0,1.0,2.0,0.0565158680871336,192.00832986831665,631207
RO_31A,7,50,10,2,2.0,1.0,1.5,2.5,0.05681764834472149,193.3447756767273,537474
RO_31A,7,50,10,2,2.0,1.0,1.0,2.0,0.056681871403054265,196.83326268196106,572490
RO_31A,7,50,10,1,2.0,1.0,0.5,1.5,0.05643652301040627,196.7534158229828,441418
RO_31A,7,50,10,2,2.0,1.0,0.5,1.5,0.0564046935799143,194.20687174797058,296268
RO_31A,7,50,10,1,1.5,0.5,0.5,2.5,0.056531613594224484,198.53447580337524,579212
RO_31A,7,50,10,2,1.5,0.5,0.5,2.5,0.0565028833306958,200.331946849823,554193
RO_31A,7,50,10,1,1.5,0.5,1.5,2.5,0.05752419315031342,200.10769271850586,676437
RO_31A,7,50,10,2,1.5,0.5,1.5,2.5,0.057340194174475924,209.48354959487915,637237
RO_31A,7,50,10,1,1.5,0.5,1.0,2.0,0.056755944966732044,202.59377455711365,42245
RO_31A,7,50,10,2,1.5,0.5,1.0,2.0,0.05673390443919282,206.71358609199524,956577
RO_31A,7,50,10,2,1.5,0.5,0.5,1.5,0.056383266557690166,204.2500286102295,638851
RO_31A,7,50,10,1,1.5,0.5,0.5,1.5,0.05641398975614457,208.2028398513794,954784
RO_31A,7,50,20,1,2.5,0.5,0.5,2.5,0.05664638704628193,417.7248432636261,898580
RO_31A,7,50,20,2,2.5,0.5,0.5,2.5,0.05647528343551844,419.0107271671295,178254
RO_31A,7,50,20,1,2.5,0.5,1.5,2.5,0.05730451010783278,415.9017610549927,638
RO_31A,7,50,20,2,2.5,0.5,1.5,2.5,0.057010705097426784,423.6832387447357,392911
RO_31A,7,50,20,1,2.5,0.5,1.0,2.0,0.05664444526955715,420.4480137825012,936461
RO_31A,7,50,20,2,2.5,0.5,1.0,2.0,0.05660105514079662,415.93867659568787,640735
RO_31A,7,50,20,1,2.5,0.5,0.5,1.5,0.05641645826189867,418.321298122406,853439
RO_31A,7,50,20,2,2.5,0.5,0.5,1.5,0.05640010531535789,427.0986416339874,784835
RO_31A,7,50,20,1,2.5,1.5,0.5,2.5,0.05666118030155537,423.1992402076721,406298
RO_31A,7,50,20,2,2.5,1.5,0.5,2.5,0.05645681729081412,425.7015600204468,169598
RO_31A,7,50,20,1,2.5,1.5,1.5,2.5,0.05720019383000076,430.47119402885437,169291
RO_31A,7,50,20,2,2.5,1.5,1.5,2.5,0.057216207096991094,428.96172857284546,462660
RO_31A,7,50,20,1,2.5,1.5,1.0,2.0,0.056508814264101405,429.95165371894836,548643
RO_31A,7,50,20,2,2.5,1.5,1.0,2.0,0.05652794555903246,424.9990611076355,265756
RO_31A,7,50,20,1,2.5,1.5,0.5,1.5,0.05640770938350805,427.34798192977905,332301
RO_31A,7,50,20,2,2.5,1.5,0.5,1.5,0.056402595679999466,422.70379400253296,58244
RO_31A,7,50,20,1,2.0,1.0,0.5,2.5,0.05657503752702625,426.54618763923645,219289
RO_31A,7,50,20,2,2.0,1.0,0.5,2.5,0.05647413306155196,426.06457686424255,867488
RO_31A,7,50,20,1,2.0,1.0,1.5,2.5,0.057581249242516445,426.40175557136536,194655
RO_31A,7,50,20,2,2.0,1.0,1.5,2.5,0.05713743306662134,414.7661876678467,77416
RO_31A,7,50,20,1,2.0,1.0,1.0,2.0,0.05651568461822111,423.1293087005615,380838
RO_31A,7,50,20,2,2.0,1.0,1.0,2.0,0.05647082409409816,420.3755667209625,393343
RO_31A,7,50,20,1,2.0,1.0,0.5,1.5,0.05636880630270104,421.36307740211487,344379
RO_31A,7,50,20,2,2.0,1.0,0.5,1.5,0.05638046080272638,422.6048240661621,807978
RO_31A,7,50,20,1,1.5,0.5,0.5,2.5,0.056514532761257445,420.2113094329834,654280
RO_31A,7,50,20,2,1.5,0.5,0.5,2.5,0.056448801108242505,422.27206921577454,214581
RO_31A,7,50,20,1,1.5,0.5,1.5,2.5,0.05694850867639964,423.5866892337799,208140
RO_31A,7,50,20,2,1.5,0.5,1.5,2.5,0.0572589122623875,426.6795189380646,890868
RO_31A,7,50,20,2,1.5,0.5,1.0,2.0,0.056636671511068444,418.40419244766235,133404
RO_31A,7,50,20,1,1.5,0.5,1.0,2.0,0.05658273127595989,423.2198646068573,900990
RO_31A,7,50,20,1,1.5,0.5,0.5,1.5,0.05637024073822969,422.39585614204407,668370
RO_31A,7,50,20,2,1.5,0.5,0.5,1.5,0.05640455836587992,422.14524388313293,87334
RO_31A,7,100,10,2,2.5,0.5,0.5,2.5,0.056391705416980284,409.8316764831543,77417
RO_31A,7,100,10,1,2.5,0.5,0.5,2.5,0.05644675343638455,418.0394706726074,681904
RO_31A,7,100,10,1,2.5,0.5,1.5,2.5,0.05703998420966828,407.37739419937134,866039
RO_31A,7,100,10,2,2.5,0.5,1.5,2.5,0.056704612151496525,411.73609733581543,510788
RO_31A,7,100,10,1,2.5,0.5,1.0,2.0,0.05648267336542628,408.8770287036896,482438
RO_31A,7,100,10,2,2.5,0.5,1.0,2.0,0.056414607768340695,415.1605701446533,826627
RO_31A,7,100,10,1,2.5,0.5,0.5,1.5,0.056373176687873026,423.5800983905792,980448
RO_31A,7,100,10,2,2.5,0.5,0.5,1.5,0.05639878887443222,420.638391494751,818681
RO_31A,7,100,10,1,2.5,1.5,0.5,2.5,0.056455392844599175,422.1948506832123,243194
RO_31A,7,100,10,2,2.5,1.5,0.5,2.5,0.056403563697000315,417.630464553833,236186
RO_31A,7,100,10,1,2.5,1.5,1.5,2.5,0.05718202325257626,421.87465047836304,612125
RO_31A,7,100,10,2,2.5,1.5,1.0,2.0,0.05644186461432825,406.61465311050415,338075
RO_31A,7,100,10,2,2.5,1.5,1.5,2.5,0.056786900936327434,414.3595623970032,274968
RO_31A,7,100,10,1,2.5,1.5,1.0,2.0,0.056455883672590294,413.50821900367737,740375
RO_31A,7,100,10,1,2.5,1.5,0.5,1.5,0.05639386293163608,411.01941871643066,698953
RO_31A,7,100,10,2,2.5,1.5,0.5,1.5,0.05636283473324401,416.2920608520508,114632
RO_31A,7,100,10,1,2.0,1.0,0.5,2.5,0.05647882450878942,406.3434851169586,61850
RO_31A,7,100,10,2,2.0,1.0,0.5,2.5,0.05641105505243607,412.333379983902,136572
RO_31A,7,100,10,1,2.0,1.0,1.5,2.5,0.05668710834888349,410.2132148742676,524287
RO_31A,7,100,10,2,2.0,1.0,1.5,2.5,0.05667379797865344,408.6889696121216,217940
RO_31A,7,100,10,1,2.0,1.0,1.0,2.0,0.05641887886749762,408.3178572654724,655420
RO_31A,7,100,10,2,2.0,1.0,1.0,2.0,0.05637969917452318,408.4561641216278,919893
RO_31A,7,100,10,1,2.0,1.0,0.5,1.5,0.05635934089324766,408.00260758399963,966331
RO_31A,7,100,10,2,2.0,1.0,0.5,1.5,0.056311000625585715,413.99753975868225,361618
RO_31A,7,100,10,1,1.5,0.5,1.5,2.5,0.05694665307066831,412.7435095310211,673551
RO_31A,7,100,10,2,1.5,0.5,0.5,2.5,0.056384610343096636,414.16165018081665,371140
RO_31A,7,100,10,1,1.5,0.5,0.5,2.5,0.056473123607471254,419.6682674884796,181145
RO_31A,7,100,10,2,1.5,0.5,1.5,2.5,0.056952663807166834,412.6904366016388,585948
RO_31A,7,100,10,1,1.5,0.5,1.0,2.0,0.056476940644842405,406.115868806839,401230
RO_31A,7,100,10,2,1.5,0.5,1.0,2.0,0.05643519204713161,415.0614347457886,949242
RO_31A,7,100,10,1,1.5,0.5,0.5,1.5,0.05637660614742235,421.4160039424896,73252
RO_31A,7,100,10,2,1.5,0.5,0.5,1.5,0.05638904204076253,416.2405107021332,238878
RO_31A,7,100,20,1,2.5,0.5,0.5,2.5,0.05644549800643946,823.8647377490997,670140
RO_31A,7,100,20,1,2.5,0.5,1.5,2.5,0.056495244520650176,818.0440170764923,419482
RO_31A,7,100,20,2,2.5,0.5,0.5,2.5,0.05636176524470177,836.8838021755219,576564
RO_31A,7,100,20,1,2.5,0.5,1.0,2.0,0.056418351204108874,814.736634016037,987654
RO_31A,7,100,20,1,2.5,0.5,0.5,1.5,0.056355105322560474,816.2424964904785,479520
RO_31A,7,100,20,2,2.5,0.5,1.5,2.5,0.056548426570721934,823.0068552494049,420616
RO_31A,7,100,20,2,2.5,0.5,1.0,2.0,0.0563608306939299,820.4493842124939,432637
RO_31A,7,100,20,2,2.5,0.5,0.5,1.5,0.056322978537478495,808.1194183826447,386739
RO_31A,7,100,20,1,2.5,1.5,0.5,2.5,0.05641002822108014,822.7833633422852,426333
RO_31A,7,100,20,2,2.5,1.5,0.5,2.5,0.05645149229967938,820.5365931987762,273799
RO_31A,7,100,20,1,2.5,1.5,1.5,2.5,0.05679220789003341,833.4908843040466,260216
RO_31A,7,100,20,2,2.5,1.5,1.5,2.5,0.05667905458870376,832.8350839614868,120361
RO_31A,7,100,20,2,2.5,1.5,1.0,2.0,0.0563721491643095,827.234540939331,338184
RO_31A,7,100,20,1,2.5,1.5,1.0,2.0,0.0564147566356383,837.436231136322,55339
RO_31A,7,100,20,1,2.5,1.5,0.5,1.5,0.05636779534260348,829.4556050300598,192497
RO_31A,7,100,20,2,2.5,1.5,0.5,1.5,0.05633374907231965,800.6366956233978,770852
RO_31A,7,100,20,1,2.0,1.0,0.5,2.5,0.05645063541322275,800.2230126857758,52922
RO_31A,7,100,20,1,2.0,1.0,1.5,2.5,0.05665500575490856,801.4300212860107,696696
RO_31A,7,100,20,2,2.0,1.0,1.5,2.5,0.0564891264086185,805.8050148487091,900902
RO_31A,7,100,20,2,2.0,1.0,0.5,2.5,0.056378108591412394,812.3874852657318,468228
RO_31A,7,100,20,1,2.0,1.0,1.0,2.0,0.056371749036216244,813.9602661132812,150220
RO_31A,7,100,20,2,2.0,1.0,1.0,2.0,0.05639454709648735,805.7062840461731,895092
RO_31A,7,100,20,1,2.0,1.0,0.5,1.5,0.05629946615555336,800.6841912269592,276389
RO_31A,7,100,20,2,2.0,1.0,0.5,1.5,0.05629316416308661,808.1935570240021,308760
RO_31A,7,100,20,2,1.5,0.5,0.5,2.5,0.056364085803841425,637.7711653709412,734223
RO_31A,7,100,20,1,1.5,0.5,0.5,2.5,0.05638321312277686,649.6262648105621,147925
RO_31A,7,100,20,1,1.5,0.5,1.5,2.5,0.05669469540684741,653.7496809959412,117280
RO_31A,7,100,20,1,1.5,0.5,1.0,2.0,0.056339498104894796,598.0273864269257,902926
RO_31A,7,100,20,1,1.5,0.5,0.5,1.5,0.05631544516439202,594.1573967933655,475807
RO_31A,7,100,20,2,1.5,0.5,0.5,1.5,0.05629606093900796,606.5306334495544,878746
RO_31A,7,100,20,2,1.5,0.5,1.5,2.5,0.05658639170271643,634.8233528137207,895193
RO_31A,7,100,20,2,1.5,0.5,1.0,2.0,0.05637814519510517,634.7512986660004,113732
RO_31A,7,50,10,0,2.5,2.5,0.5,0.5,0.05640944019904797,167.95539784431458,769895
RO_31A,7,50,10,0,2.5,2.5,1.5,1.5,0.05694674454600808,168.13071060180664,963775
RO_31A,7,50,10,0,2.5,2.5,1.0,1.0,0.05653445282236258,168.15268230438232,686703
RO_31A,7,50,10,0,2.5,2.5,1.5,1.5,0.057184545940977466,168.68264889717102,719375
RO_31A,7,50,10,0,2.5,2.5,1.0,1.0,0.05647280469490647,168.73762583732605,500040
RO_31A,7,50,10,0,2.5,2.5,1.0,1.0,0.05654705021722311,168.7397336959839,607868
RO_31A,7,50,10,0,2.5,2.5,0.5,0.5,0.05637439946545234,168.75187611579895,583505
RO_31A,7,50,10,0,2.5,2.5,0.5,0.5,0.05645766181039897,168.77902555465698,31598
RO_31A,7,50,10,0,2.5,2.5,1.5,1.5,0.05718812594699467,168.78849148750305,51059
RO_31A,7,50,10,0,2.5,2.5,1.0,1.0,0.05646950826285587,168.8064305782318,652352
RO_31A,7,50,10,0,2.5,2.5,1.5,1.5,0.05693222397820936,168.80974411964417,374842
RO_31A,7,50,10,0,2.5,2.5,0.5,0.5,0.05641823250632163,168.82978463172913,899367
RO_31A,7,50,10,0,2.0,2.0,1.0,1.0,0.05643985780624723,174.85253596305847,391616
RO_31A,7,50,10,0,2.0,2.0,1.0,1.0,0.05652882093381541,175.20638012886047,501172
RO_31A,7,50,10,0,2.0,2.0,1.5,1.5,0.05677518543346814,175.80691194534302,451088
RO_31A,7,50,10,0,2.0,2.0,1.5,1.5,0.05654511486543013,175.9841628074646,782890
RO_31A,7,50,10,0,2.0,2.0,1.0,1.0,0.056469678969676224,176.23331332206726,732717
RO_31A,7,50,10,0,2.0,2.0,0.5,0.5,0.05638757213273842,176.9702467918396,141838
RO_31A,7,50,10,0,2.0,2.0,0.5,0.5,0.056376997200127836,177.46154522895813,784969
RO_31A,7,50,10,0,2.0,2.0,1.0,1.0,0.056459332440692137,176.71754050254822,981008
RO_31A,7,50,10,0,2.0,2.0,1.5,1.5,0.05688323438317217,176.877028465271,947202
RO_31A,7,50,10,0,2.0,2.0,0.5,0.5,0.05636012256256339,177.4763045310974,522651
RO_31A,7,50,10,0,2.0,2.0,1.5,1.5,0.05667672067508399,177.39011311531067,398225
RO_31A,7,50,10,0,2.0,2.0,0.5,0.5,0.05639909214838484,178.9993541240692,736447
RO_31A,7,50,10,0,1.5,1.5,0.5,0.5,0.056334610315379605,179.81672549247742,802957
RO_31A,7,50,10,0,1.5,1.5,0.5,0.5,0.056353039222078405,180.0047788619995,205398
RO_31A,7,50,10,0,1.5,1.5,0.5,0.5,0.05637115317072069,180.23201084136963,568311
RO_31A,7,50,10,0,1.5,1.5,1.0,1.0,0.05639131344093887,180.37659692764282,659419
RO_31A,7,50,10,0,1.5,1.5,1.5,1.5,0.05670935315929756,179.66019678115845,384327
RO_31A,7,50,10,0,1.5,1.5,1.0,1.0,0.05645552932412292,180.03355264663696,910900
RO_31A,7,50,10,0,1.5,1.5,0.5,0.5,0.0563344019148301,182.63640713691711,323950
RO_31A,7,50,10,0,1.5,1.5,1.0,1.0,0.056442989948590094,181.16892004013062,377828
RO_31A,7,50,10,0,1.5,1.5,1.5,1.5,0.05720771406000179,180.70651292800903,915755
RO_31A,7,50,10,0,1.5,1.5,1.5,1.5,0.05678085134714692,180.2661247253418,783060
RO_31A,7,50,10,0,1.5,1.5,1.5,1.5,0.05668978372079593,181.2704212665558,593370
RO_31A,7,50,10,0,1.5,1.5,1.0,1.0,0.05644487911020958,182.3847062587738,937445
RO_31A,7,50,20,0,2.5,2.5,0.5,0.5,0.05638235341831463,349.52419352531433,276613
RO_31A,7,50,20,0,2.5,2.5,1.0,1.0,0.05644657348546087,347.32787680625916,506309
RO_31A,7,50,20,0,2.5,2.5,1.5,1.5,0.056691828753613886,347.03598856925964,916992
RO_31A,7,50,20,0,2.5,2.5,0.5,0.5,0.05637578604110337,349.44866394996643,691403
RO_31A,7,50,20,0,2.5,2.5,1.0,1.0,0.05645514370943335,348.33337116241455,56759
RO_31A,7,50,20,0,2.5,2.5,1.0,1.0,0.05644211288040693,349.9296169281006,865250
RO_31A,7,50,20,0,2.5,2.5,1.5,1.5,0.05672251380611205,348.1606123447418,154310
RO_31A,7,50,20,0,2.5,2.5,0.5,0.5,0.05639356238570295,350.87058210372925,65193
RO_31A,7,50,20,0,2.5,2.5,0.5,0.5,0.05635582951914887,351.5676922798157,170326
RO_31A,7,50,20,0,2.5,2.5,1.5,1.5,0.05672491487863761,349.4594235420227,609609
RO_31A,7,50,20,0,2.5,2.5,1.5,1.5,0.056591863568187586,350.24950337409973,232668
RO_31A,7,50,20,0,2.5,2.5,1.0,1.0,0.0564257022273958,353.07776975631714,114883
RO_31A,7,50,20,0,2.0,2.0,0.5,0.5,0.05635597012738949,356.3801305294037,879594
RO_31A,7,50,20,0,2.0,2.0,0.5,0.5,0.05638099880558538,357.5855281352997,554614
RO_31A,7,50,20,0,2.0,2.0,1.0,1.0,0.05644401188461962,356.47065711021423,808717
RO_31A,7,50,20,0,2.0,2.0,1.0,1.0,0.056384437654546496,356.21642541885376,425014
RO_31A,7,50,20,0,2.0,2.0,0.5,0.5,0.056367329650082676,357.59558725357056,193762
RO_31A,7,50,20,0,2.0,2.0,1.5,1.5,0.05656047479337507,355.82954144477844,583996
RO_31A,7,50,20,0,2.0,2.0,1.5,1.5,0.056669737152399625,356.4842047691345,569685
RO_31A,7,50,20,0,2.0,2.0,0.5,0.5,0.05637191935611895,359.524706363678,164872
RO_31A,7,50,20,0,2.0,2.0,1.0,1.0,0.05640071206140995,357.97006034851074,326270
RO_31A,7,50,20,0,2.0,2.0,1.5,1.5,0.056644318420900015,356.2527234554291,63900
RO_31A,7,50,20,0,2.0,2.0,1.5,1.5,0.05661449871176227,357.0328450202942,833418
RO_31A,7,50,20,0,2.0,2.0,1.0,1.0,0.05639082494015994,359.95676255226135,968700
RO_31A,7,50,20,0,1.5,1.5,0.5,0.5,0.05633111219477657,349.97743105888367,866751
RO_31A,7,50,20,0,1.5,1.5,0.5,0.5,0.056345044340226046,349.9389970302582,259806
RO_31A,7,50,20,0,1.5,1.5,0.5,0.5,0.056346523010760194,350.2854595184326,270943
RO_31A,7,50,20,0,1.5,1.5,1.0,1.0,0.05640724331509825,350.5770351886749,28022
RO_31A,7,50,20,0,1.5,1.5,0.5,0.5,0.05632808810082328,351.587607383728,786499
RO_31A,7,50,20,0,1.5,1.5,1.0,1.0,0.05640194687246199,350.92843866348267,556532
RO_31A,7,50,20,0,1.5,1.5,1.0,1.0,0.05638708892709119,350.5432639122009,225114
RO_31A,7,50,20,0,1.5,1.5,1.5,1.5,0.05654239610124358,352.0839297771454,512567
RO_31A,7,50,20,0,1.5,1.5,1.5,1.5,0.05655008434763888,350.5003731250763,617927
RO_31A,7,50,20,0,1.5,1.5,1.5,1.5,0.056487461646653754,352.2377772331238,387618
RO_31A,7,50,20,0,1.5,1.5,1.0,1.0,0.056398493733905375,354.22178888320923,364385
RO_31A,7,50,20,0,1.5,1.5,1.5,1.5,0.056485896448845274,351.94761657714844,87120
RO_31A,7,100,10,0,2.5,2.5,0.5,0.5,0.05637793611672109,345.75551652908325,183536
RO_31A,7,100,10,0,2.5,2.5,1.0,1.0,0.056459042173884824,345.26775336265564,723207
RO_31A,7,100,10,0,2.5,2.5,0.5,0.5,0.056383588479156276,348.0245358943939,356936
RO_31A,7,100,10,0,2.5,2.5,1.0,1.0,0.05642187675654591,345.2146472930908,12416
RO_31A,7,100,10,0,2.5,2.5,1.0,1.0,0.05638740053277895,347.2930645942688,966998
RO_31A,7,100,10,0,2.5,2.5,0.5,0.5,0.05631976324250678,349.03605461120605,927371
RO_31A,7,100,10,0,2.5,2.5,1.0,1.0,0.056418790672004226,348.26921248435974,494904
RO_31A,7,100,10,0,2.5,2.5,0.5,0.5,0.056365284609863,352.09778332710266,255929
RO_31A,7,100,10,0,2.5,2.5,1.5,1.5,0.05652365599995904,347.0116684436798,814093
RO_31A,7,100,10,0,2.5,2.5,1.5,1.5,0.05657913666837931,348.0424220561981,659234
RO_31A,7,100,10,0,2.5,2.5,1.5,1.5,0.0564408218459606,347.2162046432495,926723
RO_31A,7,100,10,0,2.5,2.5,1.5,1.5,0.05650395008511999,346.51604437828064,414881
RO_31A,7,100,10,0,2.0,2.0,0.5,0.5,0.05632708150452553,344.926216840744,588269
RO_31A,7,100,10,0,2.0,2.0,0.5,0.5,0.05635508434034658,347.18037581443787,379343
RO_31A,7,100,10,0,2.0,2.0,0.5,0.5,0.05629565391431543,347.0214412212372,37098
RO_31A,7,100,10,0,2.0,2.0,0.5,0.5,0.056295539504998084,347.00183749198914,814120
RO_31A,7,100,10,0,2.0,2.0,1.0,1.0,0.05633462211015298,347.3708486557007,268761
RO_31A,7,100,10,0,2.0,2.0,1.0,1.0,0.05631170352518526,347.42500734329224,292084
RO_31A,7,100,10,0,2.0,2.0,1.5,1.5,0.056421561608178995,346.1182134151459,851061
RO_31A,7,100,10,0,2.0,2.0,1.0,1.0,0.05636773768138422,349.49803161621094,55457
RO_31A,7,100,10,0,2.0,2.0,1.5,1.5,0.056461489504911436,346.8362102508545,962579
RO_31A,7,100,10,0,2.0,2.0,1.5,1.5,0.05650917193726711,348.4366965293884,144653
RO_31A,7,100,10,0,2.0,2.0,1.5,1.5,0.056419743865017705,350.23806500434875,729192
RO_31A,7,100,10,0,2.0,2.0,1.0,1.0,0.056383357762050015,352.703547000885,21629
RO_31A,7,100,10,0,1.5,1.5,0.5,0.5,0.05627298905537088,342.74670362472534,971683
RO_31A,7,100,10,0,1.5,1.5,0.5,0.5,0.05633101992229066,343.3588411808014,805861
RO_31A,7,100,10,0,1.5,1.5,0.5,0.5,0.05628678510927814,347.07502794265747,683380
RO_31A,7,100,10,0,1.5,1.5,0.5,0.5,0.056272628200906366,345.97599363327026,609905
RO_31A,7,100,10,0,1.5,1.5,1.0,1.0,0.05635497363704505,346.98375940322876,735209
RO_31A,7,100,10,0,1.5,1.5,1.5,1.5,0.05641082210987655,344.56043004989624,53663
RO_31A,7,100,10,0,1.5,1.5,1.0,1.0,0.05638376629946101,345.02746391296387,338823
RO_31A,7,100,10,0,1.5,1.5,1.0,1.0,0.05637430681362653,346.60099172592163,587553
RO_31A,7,100,10,0,1.5,1.5,1.0,1.0,0.05636458362829816,347.6031126976013,327632
RO_31A,7,100,10,0,1.5,1.5,1.5,1.5,0.05644131985064507,348.1262562274933,12041
RO_31A,7,100,10,0,1.5,1.5,1.5,1.5,0.056404536954182086,345.5378677845001,310740
RO_31A,7,100,10,0,1.5,1.5,1.5,1.5,0.05640424603204745,350.9938313961029,890204
RO_31A,7,100,20,0,2.5,2.5,0.5,0.5,0.05635425526234389,678.4547765254974,758738
RO_31A,7,100,20,0,2.5,2.5,0.5,0.5,0.056316481260143644,678.4740068912506,882421
RO_31A,7,100,20,0,2.5,2.5,0.5,0.5,0.056349830372015526,679.967033624649,875475
RO_31A,7,100,20,0,2.5,2.5,0.5,0.5,0.05634805046519538,680.6393520832062,204442
RO_31A,7,100,20,0,2.5,2.5,1.0,1.0,0.056420361960031806,679.731249332428,401798
RO_31A,7,100,20,0,2.5,2.5,1.5,1.5,0.05656991580984187,677.7339007854462,710532
RO_31A,7,100,20,0,2.5,2.5,1.0,1.0,0.05638250771483217,681.4262194633484,27828
RO_31A,7,100,20,0,2.5,2.5,1.0,1.0,0.05640544667981226,682.7195298671722,852005
RO_31A,7,100,20,0,2.5,2.5,1.0,1.0,0.056427593208721746,682.9629080295563,705737
RO_31A,7,100,20,0,2.5,2.5,1.5,1.5,0.056430812793418196,680.940621137619,232043
RO_31A,7,100,20,0,2.5,2.5,1.5,1.5,0.056578756925184,685.9806861877441,362083
RO_31A,7,100,20,0,2.5,2.5,1.5,1.5,0.05648160777829372,687.0246071815491,11580
RO_31A,7,100,20,0,2.0,2.0,0.5,0.5,0.05627673781630808,682.1210722923279,10029
RO_31A,7,100,20,0,2.0,2.0,0.5,0.5,0.05627468303072783,686.9431114196777,400633
RO_31A,7,100,20,0,2.0,2.0,1.0,1.0,0.056386875098174326,682.1166768074036,774432
RO_31A,7,100,20,0,2.0,2.0,0.5,0.5,0.056273580762182314,689.7277455329895,592647
RO_31A,7,100,20,0,2.0,2.0,0.5,0.5,0.05626898736872392,686.2135438919067,553422
RO_31A,7,100,20,0,2.0,2.0,1.0,1.0,0.05635429153411946,687.266566991806,70076
RO_31A,7,100,20,0,2.0,2.0,1.5,1.5,0.05644104567258418,681.3345966339111,55098
RO_31A,7,100,20,0,2.0,2.0,1.0,1.0,0.056384434546463,686.6615092754364,145226
RO_31A,7,100,20,0,2.0,2.0,1.5,1.5,0.05637777284919313,679.618597984314,92691
RO_31A,7,100,20,0,2.0,2.0,1.5,1.5,0.05642120207732497,687.5436954498291,629787
RO_31A,7,100,20,0,2.0,2.0,1.0,1.0,0.056318864805574784,689.9347999095917,442309
RO_31A,7,100,20,0,2.0,2.0,1.5,1.5,0.056428992087231435,684.7716460227966,20916
RO_31A,7,100,20,0,1.5,1.5,0.5,0.5,0.0562692979638248,680.8869695663452,383656
RO_31A,7,100,20,0,1.5,1.5,0.5,0.5,0.05626890125410158,677.8876960277557,897556
RO_31A,7,100,20,0,1.5,1.5,0.5,0.5,0.056272492961309935,691.879332780838,325506
RO_31A,7,100,20,0,1.5,1.5,1.0,1.0,0.05634087802840201,680.4443283081055,729293
RO_31A,7,100,20,0,1.5,1.5,0.5,0.5,0.05627108742225231,687.4076015949249,381889
RO_31A,7,100,20,0,1.5,1.5,1.0,1.0,0.05631721222109819,684.5341486930847,69196
RO_31A,7,100,20,0,1.5,1.5,1.5,1.5,0.05641563004001379,683.2135398387909,307207
RO_31A,7,100,20,0,1.5,1.5,1.0,1.0,0.05631469620857112,686.4225170612335,825327
RO_31A,7,100,20,0,1.5,1.5,1.0,1.0,0.05629486017513598,684.447185754776,140651
RO_31A,7,100,20,0,1.5,1.5,1.5,1.5,0.05637586036921969,683.8763656616211,428763
RO_31A,7,100,20,0,1.5,1.5,1.5,1.5,0.05641803037569905,686.971099615097,379566
RO_31A,7,100,20,0,1.5,1.5,1.5,1.5,0.056402156357040954,677.2002537250519,497705
RO_31A,7,50,10,1,2.5,0.5,0.5,2.5,0.05693077625533608,180.27982091903687,170927
RO_31A,7,50,10,1,2.5,0.5,0.5,2.5,0.056596529929637936,178.75217008590698,952429
RO_31A,7,50,10,1,2.5,0.5,0.5,2.5,0.056723500323183615,180.478928565979,218922
RO_31A,7,50,10,1,2.5,0.5,0.5,2.5,0.056769794161803236,182.47313356399536,926118
RO_31A,7,50,10,2,2.5,0.5,0.5,2.5,0.05661356161412299,179.45895433425903,822990
RO_31A,7,50,10,2,2.5,0.5,0.5,2.5,0.05649396707985829,179.89662432670593,992412
RO_31A,7,50,10,2,2.5,0.5,0.5,2.5,0.05647091154130865,178.40673089027405,661103
RO_31A,7,50,10,1,2.5,0.5,1.5,2.5,0.057336412923013814,181.42323637008667,430197
RO_31A,7,50,10,2,2.5,0.5,0.5,2.5,0.05662407116377952,181.88706612586975,389059
RO_31A,7,50,10,1,2.5,0.5,1.5,2.5,0.05733217881509193,178.8192844390869,600298
RO_31A,7,50,10,1,2.5,0.5,1.5,2.5,0.05719707505736906,181.53906083106995,664097
RO_31A,7,50,10,1,2.5,0.5,1.5,2.5,0.0576135923008623,178.64175248146057,583879
RO_31A,7,50,10,2,2.5,0.5,1.5,2.5,0.05710850629846388,179.3429398536682,497311
RO_31A,7,50,10,2,2.5,0.5,1.5,2.5,0.057370053649593036,180.18338775634766,785879
RO_31A,7,50,10,2,2.5,0.5,1.5,2.5,0.0579268090094454,178.30254769325256,935902
RO_31A,7,50,10,2,2.5,0.5,1.5,2.5,0.05731974585195089,178.07285690307617,483973
RO_31A,7,50,10,1,2.5,0.5,1.0,2.0,0.056583986009135834,180.25276827812195,132859
RO_31A,7,50,10,1,2.5,0.5,1.0,2.0,0.0566723535931281,178.36288595199585,904009
RO_31A,7,50,10,1,2.5,0.5,1.0,2.0,0.056689514331226314,178.38013815879822,948263
RO_31A,7,50,10,2,2.5,0.5,1.0,2.0,0.056697110648640366,176.78050017356873,694937
RO_31A,7,50,10,1,2.5,0.5,1.0,2.0,0.056792584490872745,180.41408348083496,495580
RO_31A,7,50,10,2,2.5,0.5,1.0,2.0,0.0566837342643256,180.61495351791382,810530
RO_31A,7,50,10,2,2.5,0.5,1.0,2.0,0.056802763277348414,178.0015070438385,644085
RO_31A,7,50,10,2,2.5,0.5,1.0,2.0,0.0568530108608089,180.15529870986938,590776
RO_31A,7,50,10,1,2.5,0.5,0.5,1.5,0.05648290392202809,181.33529448509216,573109
RO_31A,7,50,10,1,2.5,0.5,0.5,1.5,0.05642749211373528,183.06122303009033,547970
RO_31A,7,50,10,1,2.5,0.5,0.5,1.5,0.05643383622286616,179.99382781982422,86764
RO_31A,7,50,10,1,2.5,0.5,0.5,1.5,0.05646481950873795,179.21988654136658,544251
RO_31A,7,50,10,2,2.5,0.5,0.5,1.5,0.05649007323842581,179.92788434028625,819316
RO_31A,7,50,10,2,2.5,0.5,0.5,1.5,0.056413231218887146,179.8184404373169,432687
RO_31A,7,50,10,2,2.5,0.5,0.5,1.5,0.05641383189523723,180.72526717185974,735777
RO_31A,7,50,10,2,2.5,0.5,0.5,1.5,0.056414357497048054,178.65307569503784,553260
RO_31A,7,50,10,1,2.5,1.5,0.5,2.5,0.056809219923693886,179.16054964065552,748249
RO_31A,7,50,10,1,2.5,1.5,0.5,2.5,0.05667093753544168,180.18476700782776,951254
RO_31A,7,50,10,1,2.5,1.5,0.5,2.5,0.056834446090833664,180.54462885856628,102559
RO_31A,7,50,10,1,2.5,1.5,0.5,2.5,0.05669426598161535,179.77177667617798,896686
RO_31A,7,50,10,2,2.5,1.5,0.5,2.5,0.05645697679355756,180.38469219207764,140310
RO_31A,7,50,10,2,2.5,1.5,0.5,2.5,0.056503762536265344,179.416499376297,320919
RO_31A,7,50,10,2,2.5,1.5,0.5,2.5,0.056491640891372714,180.56004929542542,32906
RO_31A,7,50,10,2,2.5,1.5,0.5,2.5,0.05655012098219184,179.82059812545776,898610
RO_31A,7,50,10,1,2.5,1.5,1.5,2.5,0.05742559661235589,180.46878099441528,902526
RO_31A,7,50,10,1,2.5,1.5,1.5,2.5,0.05727838049338869,180.57070922851562,110315
RO_31A,7,50,10,1,2.5,1.5,1.5,2.5,0.05770483834465316,180.29493260383606,161786
RO_31A,7,50,10,1,2.5,1.5,1.5,2.5,0.05706543753932607,183.26967000961304,556238
RO_31A,7,50,10,2,2.5,1.5,1.5,2.5,0.05744062479563619,179.97829008102417,665411
RO_31A,7,50,10,2,2.5,1.5,1.5,2.5,0.05764500269387309,180.90724086761475,668490
RO_31A,7,50,10,2,2.5,1.5,1.5,2.5,0.05775991064589863,180.19538807868958,588805
RO_31A,7,50,10,2,2.5,1.5,1.5,2.5,0.05706844391971355,180.52771377563477,837535
RO_31A,7,50,10,1,2.5,1.5,1.0,2.0,0.056759716703168483,180.82681488990784,49813
RO_31A,7,50,10,1,2.5,1.5,1.0,2.0,0.05662117631222896,182.6460428237915,671348
RO_31A,7,50,10,1,2.5,1.5,1.0,2.0,0.05661391495101111,181.54384541511536,175718
RO_31A,7,50,10,1,2.5,1.5,1.0,2.0,0.05668753799666826,181.5567500591278,917459
RO_31A,7,50,10,2,2.5,1.5,1.0,2.0,0.05657485605522359,180.14395380020142,25502
RO_31A,7,50,10,2,2.5,1.5,1.0,2.0,0.05672561784781855,181.77483367919922,363395
RO_31A,7,50,10,2,2.5,1.5,1.0,2.0,0.056728682207963683,181.60621237754822,264194
RO_31A,7,50,10,2,2.5,1.5,1.0,2.0,0.05664970587410006,183.2746012210846,581750
RO_31A,7,50,10,1,2.5,1.5,0.5,1.5,0.056412325782726765,181.60249137878418,356625
RO_31A,7,50,10,1,2.5,1.5,0.5,1.5,0.05643375447442309,179.37950563430786,814318
RO_31A,7,50,10,1,2.5,1.5,0.5,1.5,0.056480667188025545,181.18982410430908,996461
RO_31A,7,50,10,1,2.5,1.5,0.5,1.5,0.05652045196539083,182.84322881698608,814909
RO_31A,7,50,10,2,2.5,1.5,0.5,1.5,0.05641308814808871,180.34077739715576,561742
RO_31A,7,50,10,2,2.5,1.5,0.5,1.5,0.056415380525172865,182.05852675437927,837206
RO_31A,7,50,10,2,2.5,1.5,0.5,1.5,0.056488454982343984,180.63900923728943,36625
RO_31A,7,50,10,2,2.5,1.5,0.5,1.5,0.05648244146139743,180.9869453907013,142854
RO_31A,7,50,10,1,2.0,1.0,0.5,2.5,0.05675627439854733,181.0454261302948,664902
RO_31A,7,50,10,1,2.0,1.0,0.5,2.5,0.05659060756149469,181.38205933570862,229913
RO_31A,7,50,10,1,2.0,1.0,0.5,2.5,0.056886563138838435,181.09992122650146,158386
RO_31A,7,50,10,1,2.0,1.0,0.5,2.5,0.056667899621798454,182.24826574325562,75311
RO_31A,7,50,10,2,2.0,1.0,0.5,2.5,0.05657022966549363,182.47457718849182,284120
RO_31A,7,50,10,2,2.0,1.0,0.5,2.5,0.0564937596300944,182.26342725753784,118988
RO_31A,7,50,10,2,2.0,1.0,0.5,2.5,0.05656256312824091,180.53521704673767,619387
RO_31A,7,50,10,2,2.0,1.0,0.5,2.5,0.056450161078298026,183.10860633850098,114
RO_31A,7,50,10,1,2.0,1.0,1.5,2.5,0.057221796833349596,181.47061228752136,520893
RO_31A,7,50,10,1,2.0,1.0,1.5,2.5,0.05713398256890143,180.57765078544617,272593
RO_31A,7,50,10,1,2.0,1.0,1.5,2.5,0.057439683350898406,181.81027603149414,281142
RO_31A,7,50,10,1,2.0,1.0,1.5,2.5,0.05709286581572293,181.03453063964844,821907
RO_31A,7,50,10,2,2.0,1.0,1.5,2.5,0.05701026995156521,180.98129773139954,340919
RO_31A,7,50,10,2,2.0,1.0,1.5,2.5,0.05720877987065676,180.35247468948364,572198
RO_31A,7,50,10,2,2.0,1.0,1.5,2.5,0.056995049021230225,179.84286856651306,580877
RO_31A,7,50,10,1,2.0,1.0,1.0,2.0,0.05664311785832145,179.81119561195374,158837
RO_31A,7,50,10,1,2.0,1.0,1.0,2.0,0.05660989746053408,180.19416403770447,622790
RO_31A,7,50,10,2,2.0,1.0,1.5,2.5,0.057334885723942394,182.19011425971985,502721
RO_31A,7,50,10,1,2.0,1.0,1.0,2.0,0.05652486642592228,182.4478862285614,666991
RO_31A,7,50,10,1,2.0,1.0,1.0,2.0,0.056619033592845286,184.1303210258484,791882
RO_31A,7,50,10,2,2.0,1.0,1.0,2.0,0.05677815493960861,180.28027057647705,177216
RO_31A,7,50,10,2,2.0,1.0,1.0,2.0,0.05658655528240252,181.90709519386292,415957
RO_31A,7,50,10,2,2.0,1.0,1.0,2.0,0.056674121035860406,181.36330699920654,299708
RO_31A,7,50,10,2,2.0,1.0,1.0,2.0,0.05662533058702844,180.94885921478271,817783
RO_31A,7,50,10,1,2.0,1.0,0.5,1.5,0.05641841807354619,180.3497235774994,626434
RO_31A,7,50,10,1,2.0,1.0,0.5,1.5,0.05640771590655161,181.85461688041687,865164
RO_31A,7,50,10,1,2.0,1.0,0.5,1.5,0.05645469276892313,179.63209676742554,562224
RO_31A,7,50,10,2,2.0,1.0,0.5,1.5,0.05644548371443663,180.8375542163849,881600
RO_31A,7,50,10,2,2.0,1.0,0.5,1.5,0.05645760082519756,181.68242478370667,397057
RO_31A,7,50,10,1,2.0,1.0,0.5,1.5,0.05643841484759565,182.08370995521545,243870
RO_31A,7,50,10,2,2.0,1.0,0.5,1.5,0.05643171778118501,179.6852512359619,800004
RO_31A,7,50,10,2,2.0,1.0,0.5,1.5,0.05637948996305118,182.70633602142334,732668
RO_31A,7,50,10,1,1.5,0.5,0.5,2.5,0.05659780365189836,181.00649404525757,116917
RO_31A,7,50,10,1,1.5,0.5,0.5,2.5,0.05676889138627569,180.9831097126007,752908
RO_31A,7,50,10,1,1.5,0.5,0.5,2.5,0.05659422076090083,182.1332037448883,563491
RO_31A,7,50,10,1,1.5,0.5,0.5,2.5,0.0566910987732056,182.729562997818,623750
RO_31A,7,50,10,2,1.5,0.5,0.5,2.5,0.056520513897761374,180.60125207901,989086
RO_31A,7,50,10,2,1.5,0.5,0.5,2.5,0.05650818143323288,180.62257981300354,139343
RO_31A,7,50,10,2,1.5,0.5,0.5,2.5,0.056553717694098934,182.57958054542542,345098
RO_31A,7,50,10,2,1.5,0.5,0.5,2.5,0.05648253311777498,180.18061757087708,286388
RO_31A,7,50,10,1,1.5,0.5,1.5,2.5,0.05766596737806791,183.86189675331116,385874
RO_31A,7,50,10,1,1.5,0.5,1.5,2.5,0.057452559274934555,184.49957871437073,891218
RO_31A,7,50,10,1,1.5,0.5,1.5,2.5,0.05715731472903416,182.2341480255127,398958
RO_31A,7,50,10,1,1.5,0.5,1.5,2.5,0.057435833909699946,180.0554826259613,417972
RO_31A,7,50,10,2,1.5,0.5,1.5,2.5,0.0576761543021064,181.58361315727234,739931
RO_31A,7,50,10,2,1.5,0.5,1.5,2.5,0.05736384257769989,181.65973138809204,720044
RO_31A,7,50,10,2,1.5,0.5,1.5,2.5,0.057723325598834634,180.62368655204773,931440
RO_31A,7,50,10,2,1.5,0.5,1.5,2.5,0.05720696251204706,181.58207654953003,951934
RO_31A,7,50,10,1,1.5,0.5,1.0,2.0,0.05676180717680261,182.0638403892517,526295
RO_31A,7,50,10,1,1.5,0.5,1.0,2.0,0.05655191339021422,178.80009126663208,510905
RO_31A,7,50,10,1,1.5,0.5,1.0,2.0,0.05689512807780493,182.12671852111816,968271
RO_31A,7,50,10,1,1.5,0.5,1.0,2.0,0.05664856984793865,182.0326635837555,533412
RO_31A,7,50,10,2,1.5,0.5,1.0,2.0,0.057059869826904704,179.30703568458557,998499
RO_31A,7,50,10,2,1.5,0.5,1.0,2.0,0.05680319990237939,181.88188648223877,842198
RO_31A,7,50,10,2,1.5,0.5,1.0,2.0,0.05694592607036058,182.73323702812195,373770
RO_31A,7,50,10,2,1.5,0.5,1.0,2.0,0.056593214680591294,180.93411135673523,156619
RO_31A,7,50,10,1,1.5,0.5,0.5,1.5,0.05645149441613362,179.71013736724854,45867
RO_31A,7,50,10,1,1.5,0.5,0.5,1.5,0.05638066078971737,181.2146077156067,127831
RO_31A,7,50,10,1,1.5,0.5,0.5,1.5,0.0564203254516729,182.0933051109314,96793
RO_31A,7,50,10,1,1.5,0.5,0.5,1.5,0.05643780005160689,179.89484882354736,254233
RO_31A,7,50,10,2,1.5,0.5,0.5,1.5,0.056408562557303484,179.14327120780945,59652
RO_31A,7,50,10,2,1.5,0.5,0.5,1.5,0.05645754505350072,179.33513164520264,920137
RO_31A,7,50,10,2,1.5,0.5,0.5,1.5,0.05639484310412105,182.010493516922,163674
RO_31A,7,50,10,2,1.5,0.5,0.5,1.5,0.056373588023185324,181.43463945388794,795752
RO_31A,7,50,20,1,2.5,0.5,0.5,2.5,0.05657833736920582,352.89676427841187,303503
RO_31A,7,50,20,1,2.5,0.5,0.5,2.5,0.0566845558027219,353.02348828315735,427701
RO_31A,7,50,20,1,2.5,0.5,0.5,2.5,0.056631925050959,353.60787653923035,129143
RO_31A,7,50,20,1,2.5,0.5,0.5,2.5,0.05656885270682309,360.40028500556946,796464
RO_31A,7,50,20,2,2.5,0.5,0.5,2.5,0.056487986016413444,351.4376108646393,765013
RO_31A,7,50,20,2,2.5,0.5,0.5,2.5,0.05645658202363419,352.381667137146,660969
RO_31A,7,50,20,1,2.5,0.5,1.5,2.5,0.057651829327904344,349.6879026889801,222468
RO_31A,7,50,20,2,2.5,0.5,0.5,2.5,0.05646998421707897,351.6993215084076,731058
RO_31A,7,50,20,1,2.5,0.5,1.5,2.5,0.05730771634775034,349.7030608654022,641582
RO_31A,7,50,20,2,2.5,0.5,0.5,2.5,0.05653971973857824,357.4136064052582,660785
RO_31A,7,50,20,1,2.5,0.5,1.5,2.5,0.0575200108485734,357.2089867591858,238473
RO_31A,7,50,20,1,2.5,0.5,1.5,2.5,0.05715141065547125,350.31596279144287,192505
RO_31A,7,50,20,2,2.5,0.5,1.5,2.5,0.05703639423154788,354.1080741882324,68524
RO_31A,7,50,20,2,2.5,0.5,1.5,2.5,0.056651356014318366,351.79965686798096,320412
RO_31A,7,50,20,2,2.5,0.5,1.5,2.5,0.05735913258622609,355.1132926940918,448381
RO_31A,7,50,20,2,2.5,0.5,1.5,2.5,0.057034641082097076,354.85841393470764,637268
RO_31A,7,50,20,1,2.5,0.5,1.0,2.0,0.05655377355914109,353.3999037742615,130425
RO_31A,7,50,20,1,2.5,0.5,1.0,2.0,0.05665665136269987,351.58746790885925,561398
RO_31A,7,50,20,1,2.5,0.5,1.0,2.0,0.05665360598515214,354.5446710586548,547101
RO_31A,7,50,20,1,2.5,0.5,1.0,2.0,0.05657135884434364,354.47231125831604,735370
RO_31A,7,50,20,2,2.5,0.5,1.0,2.0,0.05652326644745221,357.50302743911743,939341
RO_31A,7,50,20,2,2.5,0.5,1.0,2.0,0.05661661398008324,360.1391246318817,569231
RO_31A,7,50,20,2,2.5,0.5,1.0,2.0,0.05655411207068058,356.1188645362854,108471
RO_31A,7,50,20,2,2.5,0.5,1.0,2.0,0.05646140180048401,356.6279067993164,276086
RO_31A,7,50,20,1,2.5,0.5,0.5,1.5,0.05643712844960684,352.14182925224304,49489
RO_31A,7,50,20,1,2.5,0.5,0.5,1.5,0.056422204265436725,354.8434970378876,17335
RO_31A,7,50,20,1,2.5,0.5,0.5,1.5,0.05641336819452022,358.5972013473511,799464
RO_31A,7,50,20,1,2.5,0.5,0.5,1.5,0.056445948732134696,350.197957277298,724909
RO_31A,7,50,20,2,2.5,0.5,0.5,1.5,0.056391020250614994,352.19401836395264,477056
RO_31A,7,50,20,2,2.5,0.5,0.5,1.5,0.05637558734113638,350.38443660736084,467713
RO_31A,7,50,20,2,2.5,0.5,0.5,1.5,0.0564046586892155,353.20445561408997,135428
RO_31A,7,50,20,2,2.5,0.5,0.5,1.5,0.05641029764826459,355.3911294937134,447546
RO_31A,7,50,20,1,2.5,1.5,0.5,2.5,0.056739745968236076,350.5251045227051,770196
RO_31A,7,50,20,1,2.5,1.5,0.5,2.5,0.05659744791640036,351.1393496990204,6967
RO_31A,7,50,20,1,2.5,1.5,0.5,2.5,0.056622962585633416,354.3058388233185,747517
RO_31A,7,50,20,1,2.5,1.5,0.5,2.5,0.056735461894846746,357.8436851501465,939019
RO_31A,7,50,20,2,2.5,1.5,0.5,2.5,0.05651495980504781,349.5396728515625,941995
RO_31A,7,50,20,2,2.5,1.5,0.5,2.5,0.05644904753556402,350.05885577201843,962483
RO_31A,7,50,20,2,2.5,1.5,0.5,2.5,0.056451075579930586,351.9219479560852,945488
RO_31A,7,50,20,2,2.5,1.5,0.5,2.5,0.056531375507705546,356.48316860198975,549519
RO_31A,7,50,20,1,2.5,1.5,1.5,2.5,0.05724833373257668,355.8079535961151,519827
RO_31A,7,50,20,1,2.5,1.5,1.5,2.5,0.05707135150092249,358.0562164783478,724561
RO_31A,7,50,20,1,2.5,1.5,1.5,2.5,0.05708135331174503,358.8227870464325,928057
RO_31A,7,50,20,1,2.5,1.5,1.5,2.5,0.05710771769867398,359.48792147636414,721009
RO_31A,7,50,20,2,2.5,1.5,1.5,2.5,0.0568511068672582,361.50835943222046,220307
RO_31A,7,50,20,2,2.5,1.5,1.5,2.5,0.05721814763252177,354.5203974246979,724894
RO_31A,7,50,20,2,2.5,1.5,1.5,2.5,0.05710368824441555,358.2121744155884,772336
RO_31A,7,50,20,2,2.5,1.5,1.5,2.5,0.057240348296703665,358.5348834991455,845462
RO_31A,7,50,20,1,2.5,1.5,1.0,2.0,0.05664307676727706,356.331419467926,177709
RO_31A,7,50,20,1,2.5,1.5,1.0,2.0,0.05659057708292425,359.4034996032715,20485
RO_31A,7,50,20,1,2.5,1.5,1.0,2.0,0.056713622500857395,356.97221279144287,666001
RO_31A,7,50,20,1,2.5,1.5,1.0,2.0,0.05662808761309803,359.78102564811707,421507
RO_31A,7,50,20,2,2.5,1.5,1.0,2.0,0.05662885639272714,355.16855454444885,592132
RO_31A,7,50,20,2,2.5,1.5,1.0,2.0,0.05658517917443085,353.6574692726135,774796
RO_31A,7,50,20,2,2.5,1.5,1.0,2.0,0.056606510638941336,356.6659789085388,895631
RO_31A,7,50,20,1,2.5,1.5,0.5,1.5,0.05645382968614771,353.1668086051941,120027
RO_31A,7,50,20,1,2.5,1.5,0.5,1.5,0.05640741870615697,353.97310161590576,855601
RO_31A,7,50,20,2,2.5,1.5,1.0,2.0,0.05669072449587016,361.274888753891,22765
RO_31A,7,50,20,1,2.5,1.5,0.5,1.5,0.05640876812647545,360.0412015914917,383021
RO_31A,7,50,20,1,2.5,1.5,0.5,1.5,0.05644727658733375,361.70183277130127,276896
RO_31A,7,50,20,2,2.5,1.5,0.5,1.5,0.056396252556085345,361.21625566482544,307863
RO_31A,7,50,20,2,2.5,1.5,0.5,1.5,0.056408942829147046,356.536164522171,382674
RO_31A,7,50,20,2,2.5,1.5,0.5,1.5,0.056413068109480824,359.21397709846497,643855
RO_31A,7,50,20,2,2.5,1.5,0.5,1.5,0.056379312964468895,359.2935450077057,782584
RO_31A,7,50,20,1,2.0,1.0,0.5,2.5,0.056683738078776955,358.7019307613373,257174
RO_31A,7,50,20,1,2.0,1.0,0.5,2.5,0.05666542688380848,356.0967974662781,980382
RO_31A,7,50,20,1,2.0,1.0,0.5,2.5,0.056592249243491,360.79105019569397,32716
RO_31A,7,50,20,2,2.0,1.0,0.5,2.5,0.056479720988678914,356.8172001838684,743653
RO_31A,7,50,20,1,2.0,1.0,0.5,2.5,0.05665315261475874,363.49494528770447,491889
RO_31A,7,50,20,2,2.0,1.0,0.5,2.5,0.05652182712328665,359.6161298751831,333006
RO_31A,7,50,20,2,2.0,1.0,0.5,2.5,0.05650439114864831,357.735098361969,200746
RO_31A,7,50,20,2,2.0,1.0,0.5,2.5,0.05645082660331583,364.9002249240875,720845
RO_31A,7,50,20,1,2.0,1.0,1.5,2.5,0.057091486249559745,361.06391310691833,914189
RO_31A,7,50,20,1,2.0,1.0,1.5,2.5,0.05684201061155001,362.61805963516235,412999
RO_31A,7,50,20,1,2.0,1.0,1.5,2.5,0.057117608424887625,355.98648142814636,744652
RO_31A,7,50,20,1,2.0,1.0,1.5,2.5,0.05708029965457928,364.1391713619232,27036
RO_31A,7,50,20,2,2.0,1.0,1.5,2.5,0.05733062635007335,357.61703848838806,500557
RO_31A,7,50,20,2,2.0,1.0,1.5,2.5,0.05698771053838622,359.6350016593933,925902
RO_31A,7,50,20,2,2.0,1.0,1.5,2.5,0.05693052401417711,363.2081050872803,113318
RO_31A,7,50,20,2,2.0,1.0,1.5,2.5,0.057506948788289755,359.0289623737335,345703
RO_31A,7,50,20,1,2.0,1.0,1.0,2.0,0.056486229235675464,355.1387677192688,93073
RO_31A,7,50,20,1,2.0,1.0,1.0,2.0,0.056532332119657414,359.0009775161743,287169
RO_31A,7,50,20,1,2.0,1.0,1.0,2.0,0.056484975117347645,356.61074566841125,104912
RO_31A,7,50,20,1,2.0,1.0,1.0,2.0,0.05655975771041003,357.8696880340576,211268
RO_31A,7,50,20,2,2.0,1.0,1.0,2.0,0.05660725112225398,355.12064266204834,187489
RO_31A,7,50,20,2,2.0,1.0,1.0,2.0,0.056582283605218664,361.69785165786743,622932
RO_31A,7,50,20,2,2.0,1.0,1.0,2.0,0.056472751597595364,358.79204058647156,673340
RO_31A,7,50,20,2,2.0,1.0,1.0,2.0,0.05644344595325549,355.2921769618988,754701
RO_31A,7,50,20,1,2.0,1.0,0.5,1.5,0.056375790923565046,355.1667969226837,654369
RO_31A,7,50,20,1,2.0,1.0,0.5,1.5,0.05640673783477783,361.2240092754364,739097
RO_31A,7,50,20,1,2.0,1.0,0.5,1.5,0.05641633592281314,357.0257775783539,760822
RO_31A,7,50,20,1,2.0,1.0,0.5,1.5,0.056387221660187066,351.8512794971466,500779
RO_31A,7,50,20,2,2.0,1.0,0.5,1.5,0.05641935386265673,352.2021949291229,615414
RO_31A,7,50,20,2,2.0,1.0,0.5,1.5,0.05639825892528327,360.7962532043457,708441
RO_31A,7,50,20,2,2.0,1.0,0.5,1.5,0.0564144047515309,353.74352049827576,923743
RO_31A,7,50,20,2,2.0,1.0,0.5,1.5,0.05643638325290321,360.4554879665375,875536
RO_31A,7,50,20,1,1.5,0.5,0.5,2.5,0.05654356656764647,356.850937128067,476300
RO_31A,7,50,20,1,1.5,0.5,0.5,2.5,0.05650790921682619,355.3702404499054,132756
RO_31A,7,50,20,1,1.5,0.5,0.5,2.5,0.05665578599140044,356.5731346607208,756916
RO_31A,7,50,20,1,1.5,0.5,0.5,2.5,0.056547377555226944,356.47875332832336,343433
RO_31A,7,50,20,2,1.5,0.5,0.5,2.5,0.05645291076172011,355.62842059135437,953441
RO_31A,7,50,20,2,1.5,0.5,0.5,2.5,0.0564690228160192,352.8205027580261,579973
RO_31A,7,50,20,2,1.5,0.5,0.5,2.5,0.0564934712049564,353.5667018890381,506445
RO_31A,7,50,20,1,1.5,0.5,1.5,2.5,0.057435990191884584,352.0628125667572,454100
RO_31A,7,50,20,2,1.5,0.5,0.5,2.5,0.056438411295148296,358.88850688934326,251664
RO_31A,7,50,20,1,1.5,0.5,1.5,2.5,0.05732227838570667,359.66080474853516,886922
RO_31A,7,50,20,1,1.5,0.5,1.5,2.5,0.05690315631492283,354.34681272506714,728791
RO_31A,7,50,20,1,1.5,0.5,1.5,2.5,0.05710029640669367,360.90432357788086,781896
RO_31A,7,50,20,2,1.5,0.5,1.5,2.5,0.05722747141864473,360.58853793144226,998469
RO_31A,7,50,20,2,1.5,0.5,1.5,2.5,0.05678157902985695,358.4276714324951,184723
RO_31A,7,50,20,2,1.5,0.5,1.5,2.5,0.05694247072787236,359.2395484447479,832101
RO_31A,7,50,20,2,1.5,0.5,1.5,2.5,0.057089151368998774,359.7209346294403,983506
RO_31A,7,50,20,1,1.5,0.5,1.0,2.0,0.05656813701829777,354.9736170768738,583980
RO_31A,7,50,20,1,1.5,0.5,1.0,2.0,0.056478966195043286,352.30509662628174,356410
RO_31A,7,50,20,1,1.5,0.5,1.0,2.0,0.05656057387565893,354.95425510406494,102355
RO_31A,7,50,20,1,1.5,0.5,1.0,2.0,0.056643736200799155,354.86462450027466,135056
RO_31A,7,50,20,2,1.5,0.5,1.0,2.0,0.05663901955535848,358.5798087120056,687264
RO_31A,7,50,20,2,1.5,0.5,1.0,2.0,0.05647530883815275,360.2893626689911,828302
RO_31A,7,50,20,2,1.5,0.5,1.0,2.0,0.05661693875806106,359.60018515586853,794159
RO_31A,7,50,20,2,1.5,0.5,1.0,2.0,0.056495991639317567,360.3507969379425,404499
RO_31A,7,50,20,1,1.5,0.5,0.5,1.5,0.056380963093093935,353.6550576686859,887063
RO_31A,7,50,20,1,1.5,0.5,0.5,1.5,0.05641880230842237,360.1896367073059,995837
RO_31A,7,50,20,1,1.5,0.5,0.5,1.5,0.056390032002623026,362.37083864212036,145353
RO_31A,7,50,20,1,1.5,0.5,0.5,1.5,0.056388310914161965,355.585328578949,992621
RO_31A,7,50,20,2,1.5,0.5,0.5,1.5,0.05639509192716334,356.4871063232422,842859
RO_31A,7,50,20,2,1.5,0.5,0.5,1.5,0.05634648736023172,354.82902574539185,215821
RO_31A,7,100,10,1,2.5,0.5,0.5,2.5,0.05641482798603019,347.1892337799072,423237
RO_31A,7,50,20,2,1.5,0.5,0.5,1.5,0.05641065430865987,356.34837770462036,221584
RO_31A,7,50,20,2,1.5,0.5,0.5,1.5,0.05640325846640187,359.6487352848053,28374
RO_31A,7,100,10,1,2.5,0.5,0.5,2.5,0.0564405869952497,348.44419860839844,689060
RO_31A,7,100,10,1,2.5,0.5,0.5,2.5,0.05649070237004299,353.25037813186646,389446
RO_31A,7,100,10,1,2.5,0.5,0.5,2.5,0.056513028097042374,354.3289749622345,388621
RO_31A,7,100,10,2,2.5,0.5,0.5,2.5,0.05639760701970836,348.7533047199249,108911
RO_31A,7,100,10,2,2.5,0.5,0.5,2.5,0.05637745905317825,349.4120764732361,643911
RO_31A,7,100,10,2,2.5,0.5,0.5,2.5,0.05638228291760682,347.5598020553589,498199
RO_31A,7,100,10,2,2.5,0.5,0.5,2.5,0.05638815728049899,347.49058723449707,882027
RO_31A,7,100,10,1,2.5,0.5,1.5,2.5,0.056577494893746264,349.9166786670685,978167
RO_31A,7,100,10,1,2.5,0.5,1.5,2.5,0.05674027603357468,353.34424567222595,597186
RO_31A,7,100,10,1,2.5,0.5,1.5,2.5,0.056627432317457635,349.16797733306885,544005
RO_31A,7,100,10,1,2.5,0.5,1.5,2.5,0.05700050360355224,352.27991366386414,107646
RO_31A,7,100,10,2,2.5,0.5,1.5,2.5,0.05684512693322727,356.01484870910645,103840
RO_31A,7,100,10,2,2.5,0.5,1.5,2.5,0.05681060641293216,348.64741349220276,924649
RO_31A,7,100,10,2,2.5,0.5,1.5,2.5,0.056697969678871765,349.7939455509186,979990
RO_31A,7,100,10,2,2.5,0.5,1.5,2.5,0.057005153727277304,348.5251166820526,945720
RO_31A,7,100,10,1,2.5,0.5,1.0,2.0,0.056403225445442504,350.71089816093445,563022
RO_31A,7,100,10,1,2.5,0.5,1.0,2.0,0.056457515079507956,350.71478366851807,846830
RO_31A,7,100,10,1,2.5,0.5,1.0,2.0,0.05651429689974446,352.8221182823181,410240
RO_31A,7,100,10,1,2.5,0.5,1.0,2.0,0.056461941154995594,347.8184263706207,19219
RO_31A,7,100,10,2,2.5,0.5,1.0,2.0,0.05643897423436365,347.2412359714508,564779
RO_31A,7,100,10,2,2.5,0.5,1.0,2.0,0.05640396157540927,352.59891629219055,966957
RO_31A,7,100,10,2,2.5,0.5,1.0,2.0,0.056435245487069914,349.3495075702667,743796
RO_31A,7,100,10,2,2.5,0.5,1.0,2.0,0.056437022512593485,348.29843258857727,532956
RO_31A,7,100,10,1,2.5,0.5,0.5,1.5,0.05635590053516894,347.2733976840973,212505
RO_31A,7,100,10,1,2.5,0.5,0.5,1.5,0.05635384103632309,349.5332713127136,669340
RO_31A,7,100,10,1,2.5,0.5,0.5,1.5,0.05635359619338019,345.11317253112793,214434
RO_31A,7,100,10,1,2.5,0.5,0.5,1.5,0.05635660498137716,348.63657236099243,855801
RO_31A,7,100,10,2,2.5,0.5,0.5,1.5,0.05634912071690919,348.9713408946991,814808
RO_31A,7,100,10,2,2.5,0.5,0.5,1.5,0.05637315727039228,348.2481379508972,110238
RO_31A,7,100,10,2,2.5,0.5,0.5,1.5,0.05639402756551858,350.6970057487488,604998
RO_31A,7,100,10,2,2.5,0.5,0.5,1.5,0.056354618426773244,351.64704847335815,178888
RO_31A,7,100,10,1,2.5,1.5,0.5,2.5,0.05640991909249253,346.88082909584045,113157
RO_31A,7,100,10,1,2.5,1.5,0.5,2.5,0.056523886414361846,346.77139377593994,993000
RO_31A,7,100,10,1,2.5,1.5,0.5,2.5,0.05637605995177034,346.719265460968,919685
RO_31A,7,100,10,1,2.5,1.5,0.5,2.5,0.05682883152313589,346.40861439704895,725925
RO_31A,7,100,10,2,2.5,1.5,0.5,2.5,0.05642156021879044,348.32902550697327,209030
RO_31A,7,100,10,2,2.5,1.5,0.5,2.5,0.05636913320910419,346.6706647872925,907050
RO_31A,7,100,10,2,2.5,1.5,0.5,2.5,0.05638666995248864,349.61370396614075,558595
RO_31A,7,100,10,2,2.5,1.5,0.5,2.5,0.056429589692255255,347.7740981578827,127700
RO_31A,7,100,10,1,2.5,1.5,1.5,2.5,0.056604173660438475,346.8201251029968,442308
RO_31A,7,100,10,1,2.5,1.5,1.5,2.5,0.056893239666108035,345.41775846481323,569369
RO_31A,7,100,10,1,2.5,1.5,1.5,2.5,0.056939238257049,350.457350730896,706622
RO_31A,7,100,10,1,2.5,1.5,1.5,2.5,0.05688561024502865,351.2510049343109,854913
RO_31A,7,100,10,2,2.5,1.5,1.5,2.5,0.05679919904416436,348.62705731391907,977532
RO_31A,7,100,10,2,2.5,1.5,1.5,2.5,0.05671154190854205,347.97970056533813,786911
RO_31A,7,100,10,2,2.5,1.5,1.5,2.5,0.05658282881273177,348.97929859161377,647398
RO_31A,7,100,10,2,2.5,1.5,1.5,2.5,0.057081824906398085,346.5834274291992,699523
RO_31A,7,100,10,1,2.5,1.5,1.0,2.0,0.0564075305660547,349.5388185977936,731955
RO_31A,7,100,10,1,2.5,1.5,1.0,2.0,0.05636954048095242,347.9015066623688,638861
RO_31A,7,100,10,1,2.5,1.5,1.0,2.0,0.0564601791043953,349.913774728775,214467
RO_31A,7,100,10,1,2.5,1.5,1.0,2.0,0.05644663591490699,348.21576499938965,219839
RO_31A,7,100,10,2,2.5,1.5,1.0,2.0,0.05646624505356074,349.14446544647217,616291
RO_31A,7,100,10,2,2.5,1.5,1.0,2.0,0.056427460627172674,349.8745667934418,812211
RO_31A,7,100,10,2,2.5,1.5,1.0,2.0,0.056477713789483304,352.3125202655792,21526
RO_31A,7,100,10,2,2.5,1.5,1.0,2.0,0.05645095054986385,346.70959186553955,915779
RO_31A,7,100,10,1,2.5,1.5,0.5,1.5,0.05637276554319743,346.0865008831024,183074
RO_31A,7,100,10,1,2.5,1.5,0.5,1.5,0.05635311129305019,346.9069142341614,39633
RO_31A,7,100,10,1,2.5,1.5,0.5,1.5,0.056398056602489956,351.90143847465515,427102
RO_31A,7,100,10,1,2.5,1.5,0.5,1.5,0.05639935313387964,346.7197701931,594903
RO_31A,7,100,10,2,2.5,1.5,0.5,1.5,0.056391618276985314,349.45771622657776,792562
RO_31A,7,100,10,2,2.5,1.5,0.5,1.5,0.05636950314347261,348.01193857192993,422973
RO_31A,7,100,10,2,2.5,1.5,0.5,1.5,0.05639859273950197,349.67111563682556,378698
RO_31A,7,100,10,2,2.5,1.5,0.5,1.5,0.0563696783932994,350.2110970020294,580854
RO_31A,7,100,10,1,2.0,1.0,0.5,2.5,0.05643049472070428,345.5775716304779,262945
RO_31A,7,100,10,1,2.0,1.0,0.5,2.5,0.05643283802755598,345.1449601650238,759059
RO_31A,7,100,10,1,2.0,1.0,0.5,2.5,0.05644822160681103,345.6763331890106,615946
RO_31A,7,100,10,1,2.0,1.0,0.5,2.5,0.05642516364456364,347.4597680568695,129916
RO_31A,7,100,10,2,2.0,1.0,0.5,2.5,0.05639228681379146,351.11971974372864,243387
RO_31A,7,100,10,2,2.0,1.0,0.5,2.5,0.05633372106586457,346.18050718307495,917238
RO_31A,7,100,10,2,2.0,1.0,0.5,2.5,0.0563875796966437,349.2339999675751,855136
RO_31A,7,100,10,2,2.0,1.0,0.5,2.5,0.056395803476282744,354.6483075618744,599421
RO_31A,7,100,10,1,2.0,1.0,1.5,2.5,0.05684145781934566,350.1442656517029,727067
RO_31A,7,100,10,1,2.0,1.0,1.5,2.5,0.05667674987039284,349.93146204948425,701302
RO_31A,7,100,10,1,2.0,1.0,1.5,2.5,0.05654356906645744,346.3602228164673,268539
RO_31A,7,100,10,1,2.0,1.0,1.5,2.5,0.05684319874649127,345.9775655269623,51768
RO_31A,7,100,10,2,2.0,1.0,1.5,2.5,0.056716967570373776,346.9242157936096,696397
RO_31A,7,100,10,2,2.0,1.0,1.5,2.5,0.056725032478532056,347.349648475647,902633
RO_31A,7,100,10,2,2.0,1.0,1.5,2.5,0.056563115305928675,348.56015610694885,444151
RO_31A,7,100,10,2,2.0,1.0,1.5,2.5,0.05657893289792887,345.79921436309814,649444
RO_31A,7,100,10,1,2.0,1.0,1.0,2.0,0.05642282773816386,346.6357982158661,974396
RO_31A,7,100,10,1,2.0,1.0,1.0,2.0,0.056383411434603056,346.2088804244995,680524
RO_31A,7,100,10,1,2.0,1.0,1.0,2.0,0.056417597238911044,348.3162214756012,101352
RO_31A,7,100,10,1,2.0,1.0,1.0,2.0,0.05646625352244499,347.395325422287,539495
RO_31A,7,100,10,2,2.0,1.0,1.0,2.0,0.056390494521496866,346.6185231208801,73427
RO_31A,7,100,10,2,2.0,1.0,1.0,2.0,0.05637936714849262,350.2057349681854,403687
RO_31A,7,100,10,2,2.0,1.0,1.0,2.0,0.05638336926915757,347.91146063804626,186576
RO_31A,7,100,10,2,2.0,1.0,1.0,2.0,0.056379332695070644,350.3788695335388,231966
RO_31A,7,100,10,1,2.0,1.0,0.5,1.5,0.05632657849509465,347.07317090034485,342745
RO_31A,7,100,10,1,2.0,1.0,0.5,1.5,0.05635951422579327,347.77989172935486,617730
RO_31A,7,100,10,1,2.0,1.0,0.5,1.5,0.056393463324881085,348.75858545303345,146663
RO_31A,7,100,10,1,2.0,1.0,0.5,1.5,0.05635440973862332,351.60186767578125,994185
RO_31A,7,100,10,2,2.0,1.0,0.5,1.5,0.05635358545547747,344.21430468559265,709622
RO_31A,7,100,10,2,2.0,1.0,0.5,1.5,0.05630742190393567,346.417275428772,257633
RO_31A,7,100,10,2,2.0,1.0,0.5,1.5,0.0563363592545989,346.09882855415344,333068
RO_31A,7,100,10,2,2.0,1.0,0.5,1.5,0.0563327234155615,347.6484851837158,914223
RO_31A,7,100,10,1,1.5,0.5,0.5,2.5,0.056432161143680284,345.5237820148468,996180
RO_31A,7,100,10,1,1.5,0.5,0.5,2.5,0.05646367905984064,347.6126391887665,509174
RO_31A,7,100,10,1,1.5,0.5,0.5,2.5,0.05644915826837845,348.98872089385986,700602
RO_31A,7,100,10,1,1.5,0.5,0.5,2.5,0.0564314375558197,348.6636064052582,343195
RO_31A,7,100,10,2,1.5,0.5,0.5,2.5,0.05638979274811484,348.7042763233185,366376
RO_31A,7,100,10,2,1.5,0.5,0.5,2.5,0.056397681452422646,346.91647934913635,171285
RO_31A,7,100,10,2,1.5,0.5,0.5,2.5,0.05637057662716122,348.3338875770569,522703
RO_31A,7,100,10,2,1.5,0.5,0.5,2.5,0.05635844446713874,348.46476793289185,589500
RO_31A,7,100,10,1,1.5,0.5,1.5,2.5,0.05658595207636528,349.7663848400116,187278
RO_31A,7,100,10,1,1.5,0.5,1.5,2.5,0.056677372139662535,348.5229272842407,847580
RO_31A,7,100,10,1,1.5,0.5,1.5,2.5,0.0566944135024109,346.25974583625793,786457
RO_31A,7,100,10,1,1.5,0.5,1.5,2.5,0.05680124192341885,350.4170174598694,960593
RO_31A,7,100,10,2,1.5,0.5,1.5,2.5,0.05747574505710723,353.1484956741333,44554
RO_31A,7,100,10,2,1.5,0.5,1.5,2.5,0.056844651809840496,347.51090598106384,308037
RO_31A,7,100,10,2,1.5,0.5,1.5,2.5,0.05698468867648589,347.9556849002838,215957
RO_31A,7,100,10,2,1.5,0.5,1.5,2.5,0.05660996215363092,346.36618280410767,188186
RO_31A,7,100,10,1,1.5,0.5,1.0,2.0,0.05641317399980657,348.4835913181305,383660
RO_31A,7,100,10,1,1.5,0.5,1.0,2.0,0.056432072645445516,349.1136438846588,856924
RO_31A,7,100,10,1,1.5,0.5,1.0,2.0,0.056491360474328595,346.21606731414795,221725
RO_31A,7,100,10,1,1.5,0.5,1.0,2.0,0.056381406403386784,352.12862157821655,850991
RO_31A,7,100,10,2,1.5,0.5,1.0,2.0,0.056399237565568,348.4254002571106,329264
RO_31A,7,100,10,2,1.5,0.5,1.0,2.0,0.05645600935761628,346.4836754798889,232575
RO_31A,7,100,10,2,1.5,0.5,1.0,2.0,0.05638182844835695,349.9399652481079,289298
RO_31A,7,100,10,2,1.5,0.5,1.0,2.0,0.05639086782620942,348.97127628326416,27404
RO_31A,7,100,10,1,1.5,0.5,0.5,1.5,0.05636023331631712,347.69612646102905,312422
RO_31A,7,100,10,1,1.5,0.5,0.5,1.5,0.056381487214463046,351.36724185943604,887177
RO_31A,7,100,10,1,1.5,0.5,0.5,1.5,0.056314841495964676,351.4225478172302,768528
RO_31A,7,100,10,1,1.5,0.5,0.5,1.5,0.05638972669331299,355.96893548965454,973500
RO_31A,7,100,10,2,1.5,0.5,0.5,1.5,0.05634542573304859,347.3460247516632,966274
RO_31A,7,100,10,2,1.5,0.5,0.5,1.5,0.05633820177070901,350.69840717315674,811382
RO_31A,7,100,10,2,1.5,0.5,0.5,1.5,0.05636588549499707,351.4957981109619,636616
RO_31A,7,100,10,2,1.5,0.5,0.5,1.5,0.05637659146038798,350.56286358833313,641172
RO_31A,7,100,20,1,2.5,0.5,0.5,2.5,0.056395243044635834,690.2009394168854,316873
RO_31A,7,100,20,1,2.5,0.5,0.5,2.5,0.056434377485274405,698.1691608428955,283287
RO_31A,7,100,20,1,2.5,0.5,0.5,2.5,0.05646465989129395,694.4317820072174,774779
RO_31A,7,100,20,1,2.5,0.5,0.5,2.5,0.056404097513692054,698.9390032291412,524357
RO_31A,7,100,20,2,2.5,0.5,0.5,2.5,0.056415306219691194,700.4390485286713,527646
RO_31A,7,100,20,2,2.5,0.5,0.5,2.5,0.05637901884779982,697.829076051712,602688
RO_31A,7,100,20,2,2.5,0.5,0.5,2.5,0.05639525637427099,690.9363348484039,364942
RO_31A,7,100,20,2,2.5,0.5,0.5,2.5,0.05638452390978122,699.4274671077728,446576
RO_31A,7,100,20,1,2.5,0.5,1.5,2.5,0.05666539610562989,700.9940402507782,730513
RO_31A,7,100,20,1,2.5,0.5,1.5,2.5,0.05680406583012653,696.5451011657715,26695
RO_31A,7,100,20,1,2.5,0.5,1.5,2.5,0.056770848001588776,688.7123026847839,61350
RO_31A,7,100,20,1,2.5,0.5,1.5,2.5,0.05676383134296582,689.9291949272156,929995
RO_31A,7,100,20,2,2.5,0.5,1.5,2.5,0.05648583121260737,698.6525089740753,46751
RO_31A,7,100,20,2,2.5,0.5,1.5,2.5,0.05683220554265865,694.3341157436371,522012
RO_31A,7,100,20,2,2.5,0.5,1.5,2.5,0.056756849377138846,699.2898845672607,951385
RO_31A,7,100,20,2,2.5,0.5,1.5,2.5,0.056672368655381056,706.2258155345917,249104
RO_31A,7,100,20,1,2.5,0.5,1.0,2.0,0.05643403306101449,693.1883134841919,393687
RO_31A,7,100,20,1,2.5,0.5,1.0,2.0,0.05637827299530911,703.756338596344,865291
RO_31A,7,100,20,1,2.5,0.5,1.0,2.0,0.05639857263228408,699.7895641326904,888293
RO_31A,7,100,20,1,2.5,0.5,1.0,2.0,0.05646688599493023,703.3341743946075,202569
RO_31A,7,100,20,2,2.5,0.5,1.0,2.0,0.056363881768106805,706.2522988319397,617964
RO_31A,7,100,20,2,2.5,0.5,1.0,2.0,0.05640488410198128,694.6314809322357,599653
RO_31A,7,100,20,2,2.5,0.5,1.0,2.0,0.05636399957230199,697.6094827651978,450468
RO_31A,7,100,20,2,2.5,0.5,1.0,2.0,0.05636590574461081,700.9898657798767,855316
RO_31A,7,100,20,1,2.5,0.5,0.5,1.5,0.05635145711948028,700.5667345523834,314498
RO_31A,7,100,20,1,2.5,0.5,0.5,1.5,0.05631784338576025,687.7220003604889,808390
RO_31A,7,100,20,1,2.5,0.5,0.5,1.5,0.056376278895731866,687.3012816905975,943351
RO_31A,7,100,20,1,2.5,0.5,0.5,1.5,0.056363668260545556,692.7029428482056,490291
RO_31A,7,100,20,2,2.5,0.5,0.5,1.5,0.05632511646704501,690.9918537139893,641417
RO_31A,7,100,20,2,2.5,0.5,0.5,1.5,0.056297812064664804,692.6431305408478,789912
RO_31A,7,100,20,2,2.5,0.5,0.5,1.5,0.05631870679386321,691.4137272834778,613054
RO_31A,7,100,20,2,2.5,0.5,0.5,1.5,0.05628656239200058,691.8423516750336,431856
RO_31A,7,100,20,1,2.5,1.5,0.5,2.5,0.05651991072258769,690.076336145401,876139
RO_31A,7,100,20,1,2.5,1.5,0.5,2.5,0.056420042921556744,689.1476826667786,131047
RO_31A,7,100,20,1,2.5,1.5,0.5,2.5,0.056431973410762025,694.9872713088989,265946
RO_31A,7,100,20,1,2.5,1.5,0.5,2.5,0.056450090522169566,700.0117008686066,46727
RO_31A,7,100,20,2,2.5,1.5,0.5,2.5,0.05638856639188411,700.3504459857941,412201
RO_31A,7,100,20,2,2.5,1.5,0.5,2.5,0.05640699625720073,699.6096093654633,888564
RO_31A,7,100,20,2,2.5,1.5,0.5,2.5,0.05638678786098598,703.2663674354553,956769
RO_31A,7,100,20,2,2.5,1.5,0.5,2.5,0.0564146031640244,699.4906184673309,999867
RO_31A,7,100,20,1,2.5,1.5,1.5,2.5,0.05686351458360661,702.8623852729797,385014
RO_31A,7,100,20,1,2.5,1.5,1.5,2.5,0.05679456975207427,698.0719277858734,256494
RO_31A,7,100,20,1,2.5,1.5,1.5,2.5,0.056713731736290865,703.0442423820496,799013
RO_31A,7,100,20,1,2.5,1.5,1.5,2.5,0.05666594629998399,701.5827059745789,202244
RO_31A,7,100,20,2,2.5,1.5,1.5,2.5,0.05673609219750016,697.3804619312286,993365
RO_31A,7,100,20,2,2.5,1.5,1.5,2.5,0.056756353822900604,705.0996861457825,659968
RO_31A,7,100,20,2,2.5,1.5,1.5,2.5,0.056705568101600066,699.8545205593109,144918
RO_31A,7,100,20,2,2.5,1.5,1.5,2.5,0.05671335857046156,705.6648995876312,899627
RO_31A,7,100,20,1,2.5,1.5,1.0,2.0,0.05642742236487561,697.6315019130707,828572
RO_31A,7,100,20,1,2.5,1.5,1.0,2.0,0.05641827113108469,694.5865998268127,879281
RO_31A,7,100,20,1,2.5,1.5,1.0,2.0,0.05640959169956229,707.0567376613617,303555
RO_31A,7,100,20,1,2.5,1.5,1.0,2.0,0.05643200426742485,706.2825429439545,488599
RO_31A,7,100,20,2,2.5,1.5,1.0,2.0,0.05638754235383875,695.2683660984039,276962
RO_31A,7,100,20,2,2.5,1.5,1.0,2.0,0.05642302327047483,700.5930235385895,566556
RO_31A,7,100,20,2,2.5,1.5,1.0,2.0,0.05644857145929001,703.9584574699402,259712
RO_31A,7,100,20,2,2.5,1.5,1.0,2.0,0.05640388288279139,710.6639199256897,515694
RO_31A,7,100,20,1,2.5,1.5,0.5,1.5,0.05637477000006689,690.188413143158,665918
RO_31A,7,100,20,1,2.5,1.5,0.5,1.5,0.05636594717203737,690.5305027961731,341579
RO_31A,7,100,20,1,2.5,1.5,0.5,1.5,0.05633063795873079,704.976496219635,470790
RO_31A,7,100,20,1,2.5,1.5,0.5,1.5,0.056335261758512646,692.8448007106781,865663
RO_31A,7,100,20,2,2.5,1.5,0.5,1.5,0.05633288339901054,697.2378671169281,686146
RO_31A,7,100,20,2,2.5,1.5,0.5,1.5,0.05630958686877901,696.9894127845764,131725
RO_31A,7,100,20,2,2.5,1.5,0.5,1.5,0.0563688322235214,704.3416967391968,741108
RO_31A,7,100,20,2,2.5,1.5,0.5,1.5,0.05632686521004238,696.5039901733398,279791
RO_31A,7,100,20,1,2.0,1.0,0.5,2.5,0.056375574471797175,700.4266188144684,722326
RO_31A,7,100,20,1,2.0,1.0,0.5,2.5,0.05642038642118124,698.2241816520691,983822
RO_31A,7,100,20,1,2.0,1.0,0.5,2.5,0.05642793055318298,701.1009991168976,105777
RO_31A,7,100,20,1,2.0,1.0,0.5,2.5,0.056420299074686465,702.6223344802856,201475
RO_31A,7,100,20,2,2.0,1.0,0.5,2.5,0.05638658467365225,704.1167924404144,889396
RO_31A,7,100,20,2,2.0,1.0,0.5,2.5,0.056342495562222615,705.9818725585938,579015
RO_31A,7,100,20,2,2.0,1.0,0.5,2.5,0.056384575552337085,704.0381886959076,648554
RO_31A,7,100,20,2,2.0,1.0,0.5,2.5,0.05633390119786311,708.7004556655884,299691
RO_31A,7,100,20,1,2.0,1.0,1.5,2.5,0.05656245393652932,699.7538514137268,705101
RO_31A,7,100,20,1,2.0,1.0,1.5,2.5,0.05663234048238471,696.6888406276703,400064
RO_31A,7,100,20,1,2.0,1.0,1.5,2.5,0.05657686218167059,696.6409635543823,142585
RO_31A,7,100,20,1,2.0,1.0,1.5,2.5,0.05647521035168124,698.2874388694763,365494
RO_31A,7,100,20,2,2.0,1.0,1.5,2.5,0.05668317135333091,693.31192278862,159100
RO_31A,7,100,20,2,2.0,1.0,1.5,2.5,0.05649113169292935,702.4805951118469,89402
RO_31A,7,100,20,2,2.0,1.0,1.5,2.5,0.056561342529034636,699.5674624443054,401132
RO_31A,7,100,20,2,2.0,1.0,1.5,2.5,0.05662880873914933,706.0709707736969,962759
RO_31A,7,100,20,1,2.0,1.0,1.0,2.0,0.0563781784080548,697.7235238552094,181863
RO_31A,7,100,20,1,2.0,1.0,1.0,2.0,0.056413135381464044,696.140469789505,692063
RO_31A,7,100,20,1,2.0,1.0,1.0,2.0,0.056407375015754296,706.2995049953461,228828
RO_31A,7,100,20,1,2.0,1.0,1.0,2.0,0.05640528983897924,708.1085703372955,446824
RO_31A,7,100,20,2,2.0,1.0,1.0,2.0,0.056349980584862625,687.8900411128998,416099
RO_31A,7,100,20,2,2.0,1.0,1.0,2.0,0.05638585944207722,701.9939258098602,604550
RO_31A,7,100,20,2,2.0,1.0,1.0,2.0,0.05637661732485177,697.6090562343597,229052
RO_31A,7,100,20,1,2.0,1.0,0.5,1.5,0.05633771651159836,705.5546269416809,236394
RO_31A,7,100,20,2,2.0,1.0,1.0,2.0,0.056411911141221745,712.8313980102539,936632
RO_31A,7,100,20,1,2.0,1.0,0.5,1.5,0.05639484073893297,700.4813499450684,879871
RO_31A,7,100,20,1,2.0,1.0,0.5,1.5,0.056368367464985275,707.2514162063599,529635
RO_31A,7,100,20,1,2.0,1.0,0.5,1.5,0.056322848109074654,711.2780663967133,664176
RO_31A,7,100,20,2,2.0,1.0,0.5,1.5,0.0563154000613001,697.8826878070831,187348
RO_31A,7,100,20,2,2.0,1.0,0.5,1.5,0.05627539809560842,697.188670873642,140792
RO_31A,7,100,20,2,2.0,1.0,0.5,1.5,0.056278005310365475,703.874746799469,418635
RO_31A,7,100,20,2,2.0,1.0,0.5,1.5,0.056348179815535686,706.0365436077118,379599
RO_31A,7,100,20,1,1.5,0.5,0.5,2.5,0.056387028956671165,695.3236684799194,873013
RO_31A,7,100,20,1,1.5,0.5,0.5,2.5,0.05639033663285366,700.2438099384308,189731
RO_31A,7,100,20,1,1.5,0.5,0.5,2.5,0.05641035231174773,704.2884595394135,392263
RO_31A,7,100,20,1,1.5,0.5,0.5,2.5,0.056392719071017165,699.1397557258606,310958
RO_31A,7,100,20,2,1.5,0.5,0.5,2.5,0.05636115410315109,699.6178464889526,218246
RO_31A,7,100,20,2,1.5,0.5,0.5,2.5,0.056373187216779926,707.7245221138,520956
RO_31A,7,100,20,2,1.5,0.5,0.5,2.5,0.05633890732686047,702.6719388961792,967265
RO_31A,7,100,20,2,1.5,0.5,0.5,2.5,0.05634531019555179,707.4609670639038,964056
RO_31A,7,100,20,1,1.5,0.5,1.5,2.5,0.057071294955227794,695.6199278831482,823456
RO_31A,7,100,20,1,1.5,0.5,1.5,2.5,0.056560521594763664,696.0533990859985,152104
RO_31A,7,100,20,1,1.5,0.5,1.5,2.5,0.05653977927406977,702.3585295677185,171605
RO_31A,7,100,20,1,1.5,0.5,1.5,2.5,0.05660344055385012,695.300628900528,271114
RO_31A,7,100,20,2,1.5,0.5,1.5,2.5,0.05658010945898636,707.1440346240997,500786
RO_31A,7,100,20,2,1.5,0.5,1.5,2.5,0.0566167159852787,704.6370267868042,332758
RO_31A,7,100,20,2,1.5,0.5,1.5,2.5,0.05655711289249306,702.5445561408997,314781
RO_31A,7,100,20,2,1.5,0.5,1.5,2.5,0.056425709067595975,697.1918365955353,445341
RO_31A,7,100,20,1,1.5,0.5,1.0,2.0,0.056380451109297056,697.9033887386322,802749
RO_31A,7,100,20,1,1.5,0.5,1.0,2.0,0.056373664753384484,698.6647942066193,623269
RO_31A,7,100,20,1,1.5,0.5,1.0,2.0,0.05641195066049768,711.056289434433,58892
RO_31A,7,100,20,1,1.5,0.5,1.0,2.0,0.056408681808924596,700.2931935787201,925214
RO_31A,7,100,20,2,1.5,0.5,1.0,2.0,0.05640818499314704,704.4486169815063,180232
RO_31A,7,100,20,2,1.5,0.5,1.0,2.0,0.0564074626566389,703.2711973190308,222519
RO_31A,7,100,20,2,1.5,0.5,1.0,2.0,0.05638660337247478,686.9859616756439,61332
RO_31A,7,100,20,2,1.5,0.5,1.0,2.0,0.056391612930418854,693.8915293216705,791156
RO_31A,7,100,20,2,1.5,0.5,0.5,1.5,0.05635827807602702,483.81137800216675,757916
RO_31A,7,100,20,1,1.5,0.5,0.5,1.5,0.05633158709899444,508.533456325531,863829
RO_31A,7,100,20,2,1.5,0.5,0.5,1.5,0.05637131361311674,459.286110162735,175205
RO_31A,7,100,20,1,1.5,0.5,0.5,1.5,0.0563634236274463,528.7678172588348,271908
RO_31A,7,100,20,1,1.5,0.5,0.5,1.5,0.05636414562237578,538.0826072692871,176452
RO_31A,7,100,20,2,1.5,0.5,0.5,1.5,0.056295562548635956,543.9581587314606,719305
RO_31A,7,100,20,1,1.5,0.5,0.5,1.5,0.05632411883186202,577.503856420517,29412
RO_31A,7,100,20,2,1.5,0.5,0.5,1.5,0.05630166954992435,533.5781245231628,832882
RO_31A,7,50,10,0,2.5,2.5,0.5,0.5,0.0564072490818046,134.1682014465332,253816
RO_31A,7,50,10,0,2.5,2.5,0.5,0.5,0.05636362326732092,137.01833200454712,871855
RO_31A,7,50,10,0,2.5,2.5,1.0,1.0,0.0567793908559906,147.14572668075562,94215
RO_31A,7,50,10,0,2.5,2.5,1.0,1.0,0.05656997774737269,147.87902569770813,329035
RO_31A,7,50,10,0,2.5,2.5,0.5,0.5,0.05640566396961503,153.50095391273499,11983
RO_31A,7,50,10,0,2.5,2.5,1.0,1.0,0.056532542692005444,153.96665287017822,416448
RO_31A,7,50,10,0,2.5,2.5,0.5,0.5,0.05643342748405071,158.9065341949463,61794
RO_31A,7,50,10,0,2.5,2.5,1.0,1.0,0.05663715365605343,158.9577522277832,623179
RO_31A,7,50,10,0,2.5,2.5,1.0,1.0,0.056569919215771466,159.4839427471161,76828
RO_31A,7,50,10,0,2.5,2.5,0.5,0.5,0.05641112624134847,165.28187894821167,645035
RO_31A,7,50,10,0,2.5,2.5,1.5,1.5,0.057506037134372356,160.14126062393188,932552
RO_31A,7,50,10,0,2.5,2.5,1.5,1.5,0.0568983321872732,167.06375670433044,389492
RO_31A,7,50,10,0,2.5,2.5,1.5,1.5,0.0569113532187387,162.62275552749634,576552
RO_31A,7,50,10,0,2.5,2.5,1.5,1.5,0.056806195977381714,171.73972511291504,719790
RO_31A,7,50,10,0,2.5,2.5,1.5,1.5,0.05679223444744255,172.8733263015747,742158
RO_31A,7,50,10,0,2.0,2.0,0.5,0.5,0.05641237984371528,171.82738709449768,808716
RO_31A,7,50,10,0,2.0,2.0,0.5,0.5,0.056395451462189924,167.66360998153687,493248
RO_31A,7,50,10,0,2.0,2.0,0.5,0.5,0.05636365111106733,170.27620601654053,352661
RO_31A,7,50,10,0,2.0,2.0,0.5,0.5,0.05639683614374638,173.24212837219238,807151
RO_31A,7,50,10,0,2.0,2.0,0.5,0.5,0.05640534214002545,175.095308303833,191844
RO_31A,7,50,10,0,2.0,2.0,1.0,1.0,0.056435026813916746,139.39431810379028,739611
RO_31A,7,50,10,0,2.0,2.0,1.0,1.0,0.05649099595844227,168.1955018043518,914203
RO_31A,7,50,10,0,2.0,2.0,1.0,1.0,0.05641842473721294,159.67476058006287,448144
RO_31A,7,50,10,0,2.0,2.0,1.5,1.5,0.056767205949765406,160.2780830860138,999119
RO_31A,7,50,10,0,2.0,2.0,1.0,1.0,0.05644024821088543,168.17315077781677,609834
RO_31A,7,50,10,0,2.0,2.0,1.5,1.5,0.05673208162588268,163.94734597206116,926006
RO_31A,7,50,10,0,2.0,2.0,1.0,1.0,0.05645106831161422,176.00591039657593,386731
RO_31A,7,50,10,0,2.0,2.0,1.5,1.5,0.056867500442472144,172.14606833457947,675396
RO_31A,7,50,10,0,2.0,2.0,1.5,1.5,0.0566648800122829,180.83338117599487,737630
RO_31A,7,50,10,0,2.0,2.0,1.5,1.5,0.056605633382994264,167.15840435028076,672149
